"","店舗名","設置場所市町村区","設置場所番地","設置場所ビル名","エリア分類","検索条件エリア"
"1.0","紀三井寺","和歌山市紀三井寺","1201","","①","和歌山市エリア"
"2.0","シマ商店","和歌山市和歌浦南","３－５－１９","","①","和歌山市エリア"
"3.0","コーヒーハウスノッティパイン","和歌山市吹上","２－４－４","","①","和歌山市エリア"
"4.0","三年坂モカ","和歌山市片岡町","１丁目１－２３","","①","和歌山市エリア"
"5.0","レストランカフェデサフィナード","和歌山市紀三井寺","８０７－２","","①","和歌山市エリア"
"6.0","ホテルはやし","和歌山市紀三井寺","６７３","","①","和歌山市エリア"
"7.0","産直市場よってっていなり店","田辺市稲成町","２７０－１","","⑤","熊野エリア"
"8.0","産直市場よってって貴志川店","紀の川市貴志川町前田","１６６","","①","和歌山市エリア"
"9.0","バールヌメロオンセ","和歌山市十一番丁","１６","","①","和歌山市エリア"
"10.0","和歌山バス　紀伊駅前定期券発売所","紀の川市","北野410-3","","①","和歌山市エリア"
"11.0","酒のワールド　橋本店","橋本市隅田町河瀬","４２９","","②","高野山エリア"
"12.0","酒のワールド　次郎丸ストア","和歌山市次郎丸","１７","","①","和歌山市エリア"
"13.0","山下時計店","和歌山市本町","３－３１","","①","和歌山市エリア"
"14.0","双子島荘","和歌山市雑賀崎","５９９","","①","和歌山市エリア"
"15.0","丸源ラーメン田辺店","田辺市上の山","１－６－１１","","⑤","熊野エリア"
"16.0","まいどおおきに田辺新庄食堂","田辺市新庄町","１９７７－１","","⑤","熊野エリア"
"17.0","赤から紀伊田辺店","田辺市","上の山","１丁目２－１８","⑤","熊野エリア"
"18.0","まいどおおきに御坊財部食堂","御坊市湯川町財部","７０－２","","③","有田・湯浅・日高エリア"
"19.0","まいどおおきに新宮佐野食堂","新宮市佐野","３－１１－１９","","⑤","熊野エリア"
"20.0","丸源ラーメン御膳松店","和歌山市湊","１８２７－６","","①","和歌山市エリア"
"21.0","炭火焼肉屋さかい岩出店","岩出市中島","８７２－２","","①","和歌山市エリア"
"22.0","割烹　恵比寿","和歌山市黒田","２６１－２","","①","和歌山市エリア"
"23.0","ビジネスホテル圭","和歌山市紀三井寺","７３８－２","","①","和歌山市エリア"
"24.0","中国酒家くぅくぅ","和歌山市元寺町","２丁目１３番地","","①","和歌山市エリア"
"25.0","和粋彩いずみ","和歌山市十番丁","５９","ライオンズマンション１Ｆ","①","和歌山市エリア"
"26.0","ゆりかわ商店","和歌山市吹上","４－１－５１","","①","和歌山市エリア"
"27.0","ホテルアバローム紀の国","和歌山市湊通丁北","２丁目１－２","","①","和歌山市エリア"
"28.0","イオンモール和歌山","和歌山市","中字楠谷５７３","","①","和歌山市エリア"
"29.0","アムールミーモ店","和歌山市南桶屋町","１０番地","","①","和歌山市エリア"
"30.0","文房創庫オーヤマ","和歌山市橋向丁","１７－１","","①","和歌山市エリア"
"31.0","焼肉でん　新宮店","新宮市新宮","３６１５－５","","⑤","熊野エリア"
"32.0","焼肉でん　御坊店","御坊市湯川町財部","８１２－２","","③","有田・湯浅・日高エリア"
"33.0","焼肉でん　田辺店","田辺市新庄町","２１５５－１","","⑤","熊野エリア"
"34.0","焼肉でん　西浜店","和歌山市西浜","４６６－１","","①","和歌山市エリア"
"35.0","カフェ＆レスト　紀和紀伊店","和歌山市弘西","７７３－１７","","①","和歌山市エリア"
"36.0","北の町１９番地","和歌山市中ノ店北ノ丁","１０－１","","①","和歌山市エリア"
"37.0","新和歌ロッジ","和歌山市新和歌浦","２－３","","①","和歌山市エリア"
"38.0","ＦＬＥＸ","和歌山市","和歌浦東４－４","","①","和歌山市エリア"
"39.0","マクドナルド紀三井寺店","和歌山市小雑賀","７６２－１","","①","和歌山市エリア"
"40.0","マクドナルド宮街道店","和歌山市秋月","２８５－１","","①","和歌山市エリア"
"41.0","マクドナルド四ヶ郷店","和歌山市加納","３１９－７","","①","和歌山市エリア"
"42.0","マクドナルド４２号海南店","海南市船尾","２３８－１","","①","和歌山市エリア"
"43.0","ＨＯＴＥＬ　きのくに","和歌山市松江北","７丁目１０－８","","①","和歌山市エリア"
"44.0","ぶらくり丁商店街","和歌山市","本町１丁目","","①","和歌山市エリア"
"45.0","よこい","和歌山市太田","４４－６","","①","和歌山市エリア"
"46.0","磯賀屋","和歌山市加太","１４６９","","①","和歌山市エリア"
"47.0","オークワ　新宮仲之町店","新宮市谷王子町","418-1","","⑤","熊野エリア"
"48.0","オークワ　新宮駅前店","新宮市蓬莱","2-1-1","","⑤","熊野エリア"
"49.0","オークワ　古座川店","東牟婁郡古座川町高池","64","","④","白浜・串本エリア"
"50.0","オークワ　串本店","東牟婁郡串本町串本","40-22","","④","白浜・串本エリア"
"51.0","オークワ　日置店","西牟婁郡白浜町日置","45","","④","白浜・串本エリア"
"52.0","オークワ　オーシティ田辺店","田辺市東山","1-5-1","","⑤","熊野エリア"
"53.0","オークワ　桃山店","紀の川市桃山町最上","153-14","","①","和歌山市エリア"
"54.0","オークワ　湯浅店","有田郡湯浅町湯浅","1852","","③","有田・湯浅・日高エリア"
"55.0","スーパーセンターオークワ　パームシティ和歌山店","和歌山市中野","31-1","","①","和歌山市エリア"
"56.0","オークワ　パビリオンシティ田辺店","田辺市稲成町新江原","3165","","⑤","熊野エリア"
"57.0","スーパーセンターオークワ　有田川店","有田郡有田川町天満","407-1","","③","有田・湯浅・日高エリア"
"58.0","オークワ　紀三井寺店","和歌山市毛見薮下","19","","①","和歌山市エリア"
"59.0","オークワ　貴志川店","紀の川市貴志川町神戸","205-1","","①","和歌山市エリア"
"60.0","オークワ　粉河店","紀の川市粉河","762","","①","和歌山市エリア"
"61.0","オークワ　みなべ店","日高郡みなべ町芝","227-1","","③","有田・湯浅・日高エリア"
"62.0","オークワ　かつらぎ店","伊都郡かつらぎ町佐野","881-1","","②","高野山エリア"
"63.0","オークワ　岩出西店","岩出市中黒","641-1","","①","和歌山市エリア"
"64.0","オークワ　本社中島店","和歌山市中島","185-3","","①","和歌山市エリア"
"65.0","オークワ　ロマンシティ御坊店","御坊市湯川町財部","181","","③","有田・湯浅・日高エリア"
"66.0","オークワ　ミレニアシティ岩出店","岩出市中迫","147","","①","和歌山市エリア"
"67.0","オークワ　オー・ストリート　和歌山北バイパス店","和歌山市平井","154","","①","和歌山市エリア"
"68.0","オークワ　白浜堅田店","西牟婁郡白浜町堅田塩谷","2056-1","","④","白浜・串本エリア"
"69.0","オークワ　高野口店","橋本市高野口町伏原","139-1","","②","高野山エリア"
"70.0","オークワ　大浦街道店","和歌山市湊西ノ坪","45-1","","①","和歌山市エリア"
"71.0","オークワ　箕島店","有田市新堂","10-3","","③","有田・湯浅・日高エリア"
"72.0","オークワ　海南幡川店","海南市幡川下九条","105","","①","和歌山市エリア"
"73.0","メッサオークワ　ガーデンパーク和歌山店","和歌山市松江向鵜ノ島","1469-1","","①","和歌山市エリア"
"74.0","スーパーセンターオークワ　上富田店","西牟婁郡上富田町朝来","154-1","","④","白浜・串本エリア"
"75.0","スーパーセンターオークワ　南紀店","新宮市佐野","3-11-19","","⑤","熊野エリア"
"76.0","オークワ　オー・ストリート　橋本彩の台店","橋本市あやの台","1-50-3","","②","高野山エリア"
"77.0","オークワ　和歌山中之島店","和歌山市納定","104","","①","和歌山市エリア"
"78.0","オークワ　六十谷店","和歌山市六十谷","217-1","","①","和歌山市エリア"
"79.0","メッサオークワ　高松店","和歌山市西高松","1-7-88","","①","和歌山市エリア"
"80.0","オークワ　すさみ店","西牟婁郡すさみ町周参見","3766","","④","白浜・串本エリア"
"81.0","オークワ　海南野上店","海南市野上中","420","","①","和歌山市エリア"
"82.0","スーパーセンターオークワ　橋本店","橋本市妻","2-2-25","","②","高野山エリア"
"83.0","スーパーセンターオークワ　海南店","海南市築地","1-1","","①","和歌山市エリア"
"84.0","オークワ　屋形店","和歌山市屋形町","4-29","","①","和歌山市エリア"
"85.0","スーパーセンターオークワ　セントラルシティ和歌山店","和歌山市小雑賀","805-1","","①","和歌山市エリア"
"86.0","ＧｕｅｓｔＨｏｕｓｅ　ＲＩＣＯ","和歌山市新通","５－６","","①","和歌山市エリア"
"87.0","味千拉麺　和歌山北インター店","和歌山市田屋","１０５","コメリ駐車場内","①","和歌山市エリア"
"88.0","日本赤十字社和歌山医療センター","和歌山市小松原通","４－２０","","①","和歌山市エリア"
"89.0","ぶらくり丁　大通り商店街","和歌山市","元寺町1","","①","和歌山市エリア"
"90.0","島崎家具","和歌山市","黒田１丁目４－１","","①","和歌山市エリア"
"91.0","わかやま旅案内所","和歌山市七番丁","２６－１","ダイワロイネットホテル２Ｆ","①","和歌山市エリア"
"92.0","トレーディングカードショップ　マナソース","和歌山市","太田１－６－１１","","①","和歌山市エリア"
"93.0","木村屋旅館","和歌山市新和歌浦","２－２","","①","和歌山市エリア"
"94.0","東ぶらくり丁商店街","和歌山市","新堺丁25","","①","和歌山市エリア"
"95.0","イズミヤ和歌山店","和歌山市","新生町７－２０","","①","和歌山市エリア"
"96.0","グリル　エイト","和歌山市","八番丁３２","","①","和歌山市エリア"
"97.0","きのくに信用金庫　本店営業部","和歌山市本町","２－３８","","①","和歌山市エリア"
"98.0","きのくに信用金庫　白浜支店","西牟婁郡白浜町","９１１－８","","④","白浜・串本エリア"
"99.0","ばり馬和歌山四ヶ郷店","和歌山市加納","２０４－２","","①","和歌山市エリア"
"100.0","ばり馬和歌山新堀店","和歌山市手平","６－１０８－１","","①","和歌山市エリア"
"101.0","ばり馬和歌山岩出店","岩出市川尻","１７－８","","①","和歌山市エリア"
"102.0","ばり馬和歌山紀三井寺店","和歌山市毛見","１２－１１","","①","和歌山市エリア"
"103.0","海鮮せいろ蒸し勝浦","和歌山市","湊４５－１","","①","和歌山市エリア"
"104.0","伊酒屋　ｐｒｅｇｏ","和歌山市太田","１－４‐３４","伊勢屋ビル１Ｆ","①","和歌山市エリア"
"105.0","鮨、天の","和歌山市","元寺町３－５","","①","和歌山市エリア"
"106.0","ビジネスホテルタツミ","和歌山市紀三井寺","６１８","","①","和歌山市エリア"
"107.0","ファミリーショップ　クイノセ","和歌山市舟大工","２８","","①","和歌山市エリア"
"108.0","南海マリーナ","和歌山市湊","１８２０","","①","和歌山市エリア"
"109.0","和歌山県書道資料館","和歌山市","西汀丁６１","","①","和歌山市エリア"
"110.0","和歌山トヨタ自動車株式会社　美園店","和歌山市","美園町２－６５","","①","和歌山市エリア"
"111.0","和歌山トヨタ自動車株式会社フォルクスワーゲン和歌山中央","和歌山市","栗栖６４７－１","","①","和歌山市エリア"
"112.0","国立大学法人　和歌山大学","和歌山市栄谷","９３０","","①","和歌山市エリア"
"113.0","松源　本店","和歌山市吹上２丁目","４番５０号","","①","和歌山市エリア"
"114.0","松源　海南日方店","海南市日方上芦原","１０３０番地","","①","和歌山市エリア"
"115.0","松源　下津店","海南市下津町丁","６５－１","","①","和歌山市エリア"
"116.0","松源　箕島店","有田市箕島","７２１番地の１","","③","有田・湯浅・日高エリア"
"117.0","松源　粉河店","紀の川市粉河","７８５番地","","①","和歌山市エリア"
"118.0","松源　妙寺店","伊都郡かつらぎ町妙寺","１６０番地の８","","②","高野山エリア"
"119.0","松源　吉備店","有田郡有田川町下津野","５５８番地","","③","有田・湯浅・日高エリア"
"120.0","松源　高野口店","橋本市高野口町名倉東大芝","１９９番地の１","","②","高野山エリア"
"121.0","松源　栄谷店","和歌山市延時字水口","１０番地の１","","①","和歌山市エリア"
"122.0","松源　橋本店","橋本市東家１丁目","１６６番地の１","","②","高野山エリア"
"123.0","松源　貴志川店","紀の川市貴志川町神戸字野手","２１８","イオンタウン貴志川ショッピングセンター内","①","和歌山市エリア"
"124.0","松源　吉礼駅前店","和歌山市吉礼","１６１２番地の２","","①","和歌山市エリア"
"125.0","松源　湯浅店","有田郡湯浅町","１６５８番地の１","","③","有田・湯浅・日高エリア"
"126.0","松源　海南阪井店","海南市阪井字佃","９４５番地の１","","①","和歌山市エリア"
"127.0","松源　西浜店","和歌山市西浜","１０２６番地の１","","①","和歌山市エリア"
"128.0","松源　岩出店","岩出市大町","５８番地の１","","①","和歌山市エリア"
"129.0","松源　木ノ本店","和歌山市木ノ本","３９５－３","","①","和歌山市エリア"
"130.0","松源　伏原店","橋本市高野口町伏原","１０６番地","","②","高野山エリア"
"131.0","松源　元寺店","和歌山市元寺町","５－５８","シティワカヤマ内","①","和歌山市エリア"
"132.0","松源　岩出中黒店","岩出市中黒","５４６番","","①","和歌山市エリア"
"133.0","松源　御坊店","御坊市薗","５３番４","","③","有田・湯浅・日高エリア"
"134.0","松源　西庄店","和歌山市西庄妙見","４０９番１","","①","和歌山市エリア"
"135.0","松源　内原店","和歌山市内原","７６３番１","","①","和歌山市エリア"
"136.0","松源　和歌山インター店","和歌山市田屋","１３８番地","","①","和歌山市エリア"
"137.0","松源　橋本林間店","橋本市三石台１丁目","２番１号","","②","高野山エリア"
"138.0","中国料理　可口楽","和歌山市","美園町５－４－９","","①","和歌山市エリア"
"139.0","本町商店街","和歌山市","本町2-10","","①","和歌山市エリア"
"140.0","まつや食堂","和歌山市雑賀屋町東ノ丁","６４","","①","和歌山市エリア"
"141.0","フクちゃん","和歌山市中島","１８５－５","コーポ中島１０４","①","和歌山市エリア"
"142.0","ハネ馬","和歌山市十番丁","７２","","①","和歌山市エリア"
"143.0","廣井時計店","和歌山市","打越町１－１６","","①","和歌山市エリア"
"144.0","Ｋａ　ｒ　ｔｏｆｆｅｌ（かるとふぇる）","和歌山市太田","２－１４－９","アズマ太田ビル","①","和歌山市エリア"
"145.0","南海和歌山市駅　観光案内所","和歌山市東蔵前丁","３－６","","①","和歌山市エリア"
"146.0","加太観光協会　観光案内所","和歌山市加太","１０６７","","①","和歌山市エリア"
"147.0","活魚料理いなさ","和歌山市加太","１９６","","①","和歌山市エリア"
"148.0","大阪屋　ひいなの湯","和歌山市加太","１４２","","①","和歌山市エリア"
"149.0","巴旅館","和歌山市本町３丁目","８","","①","和歌山市エリア"
"150.0","ホテル　ポルト・ディ・マーレ","和歌山市","中４７－２","","①","和歌山市エリア"
"151.0","南海電鉄　林間田園都市駅","橋本市三石台","1-1-1","","②","高野山エリア"
"152.0","南海電鉄　橋本駅","橋本市古佐田","1-4-51","","②","高野山エリア"
"153.0","南海電鉄　極楽橋駅","伊都郡高野町大字高野山国有林第８林班","","","②","高野山エリア"
"154.0","南海電鉄　和歌山市駅","和歌山市東蔵前丁","3-6","","①","和歌山市エリア"
"155.0","炭火やき鳥鳥々呂","和歌山市太田","４－３－５","川端ビル１Ｆ８号","①","和歌山市エリア"
"156.0","鳥々呂　福島店","和歌山市福島","４８７","ルミノーゾふるい２Ｆ","①","和歌山市エリア"
"157.0","三八波","和歌山市黒田","２－１－２５","","①","和歌山市エリア"
"158.0","炭火焼肉　なのはな","和歌山市太田","１－１２－３１","","①","和歌山市エリア"
"159.0","デリシャス廣岡　吉備店","有田郡有田川町天満","５６８","","③","有田・湯浅・日高エリア"
"160.0","デリシャス廣岡　保田店","有田市辻堂","８２１","","③","有田・湯浅・日高エリア"
"161.0","焼肉三国一　湯浅店","有田郡湯浅町湯浅","１５９０","","③","有田・湯浅・日高エリア"
"162.0","焼肉三国一　黒田店","和歌山市黒田","２４９","","①","和歌山市エリア"
"163.0","焼肉三国一　梶取店","和歌山市梶取","１６２－１","","①","和歌山市エリア"
"164.0","焼肉三国一　海南店","海南市大野中","６２１－１","","①","和歌山市エリア"
"165.0","エバグリーン吉備店","有田郡有田川町天満","５６２","","③","有田・湯浅・日高エリア"
"166.0","エバグリーン有田店","有田市宮崎町","１１０－１","","③","有田・湯浅・日高エリア"
"167.0","エバグリーン広瀬店","和歌山市元町奉行丁２丁目","６６","","①","和歌山市エリア"
"168.0","エバグリーン梶取店","和歌山市梶取","１６２－１","","①","和歌山市エリア"
"169.0","エバグリーン高野口店","橋本市高野口町名古曽","９４０－１","","②","高野山エリア"
"170.0","スーパーエバグリーン宮前店","和歌山市中島","５７６－３","","①","和歌山市エリア"
"171.0","エバグリーン岩出中迫店","岩出市中迫","１１８－３","","①","和歌山市エリア"
"172.0","スーパーエバグリーン湯浅店","有田郡湯浅町湯浅","１７９２","","③","有田・湯浅・日高エリア"
"173.0","エバグリーン海南店","海南市重根","３５","","①","和歌山市エリア"
"174.0","エバグリーン田辺元町店","田辺市上の山２丁目","１７－２２","","⑤","熊野エリア"
"175.0","エバグリーン御坊店","御坊市湯川町財部","８４０－１","","③","有田・湯浅・日高エリア"
"176.0","エバグリーン西庄店","和歌山市西庄","７６５－１","","①","和歌山市エリア"
"177.0","エバグリーン串本店","東牟婁郡串本町串本字小森生","１７５８","","④","白浜・串本エリア"
"178.0","エバグリーン宮街道店","和歌山市秋月","２２７－２","","①","和歌山市エリア"
"179.0","スーパーエバグリーン四ヶ郷店","和歌山市加納","２９５－１","","①","和歌山市エリア"
"180.0","エバグリーン紀三井寺店","和歌山市布引","７４３－２","","①","和歌山市エリア"
"181.0","エバグリーン新中島店","和歌山市新中島","１２４","","①","和歌山市エリア"
"182.0","スーパーエバグリーン和歌山北インター店","和歌山市直川","２７４－１","","①","和歌山市エリア"
"183.0","エバグリーンかつらぎ店","伊都郡かつらぎ町佐野","９０５－１","","②","高野山エリア"
"184.0","スーパーエバグリーン上富田店","西牟婁郡上富田町生馬","５６４－１","","④","白浜・串本エリア"
"185.0","スーパーエバグリーン福島店","和歌山市福島","８９－１","","①","和歌山市エリア"
"186.0","スーパーエバグリーン岩出高塚店","岩出市高塚","１８８－１","","①","和歌山市エリア"
"187.0","エイトマートン湯浅吉川店","有田郡湯浅町大字吉川","７０","","③","有田・湯浅・日高エリア"
"188.0","エイトマートン有田川土生店","有田郡有田川町大字土生","８０－３","","③","有田・湯浅・日高エリア"
"189.0","お菓子の工房アン　内原本店","和歌山市内原","９１５","","①","和歌山市エリア"
"190.0","お菓子の工房アン　大谷店","和歌山市大谷","３９８－１","","①","和歌山市エリア"
"191.0","ぼへみあん","和歌山市本町","１－１５","","①","和歌山市エリア"
"192.0","東口食堂","和歌山市","太田１－１４－7","","①","和歌山市エリア"
"193.0","あたらし屋","和歌山市","加太２０５","","①","和歌山市エリア"
"194.0","フォルテワジマ第４駐車場","和歌山市","本町２－１５","","①","和歌山市エリア"
"195.0","Ｔ－ＬＡＢＯ","和歌山市美園町","５－４－２","","①","和歌山市エリア"
"196.0","宇都宮病院","和歌山市","鳴神５０５－４","","①","和歌山市エリア"
"197.0","和歌山インドアテニスクラブ","和歌山市","園部１０７０","","①","和歌山市エリア"
"198.0","テニスセンター和歌山西浜校","和歌山市","西浜９０３－１","","①","和歌山市エリア"
"199.0","テニスセンター和歌山岩出校","岩出市","中島８２０－３","","①","和歌山市エリア"
"200.0","スポーツアドヴァンス岩出","岩出市金池","７１－２","","①","和歌山市エリア"
"201.0","スポーツアドヴァンスかつらぎ","紀の川市藤崎","２７９－１","","①","和歌山市エリア"
"202.0","スポーツアドヴァンスむそた","和歌山市六十谷","７８－５","","①","和歌山市エリア"
"203.0","慶風高等学校","海草郡紀美野町田","６４","","①","和歌山市エリア"
"204.0","民宿松林","有田市初島町浜","１７６９－１","","③","有田・湯浅・日高エリア"
"205.0","旬海","和歌山市和歌浦東","２－９－４６","","①","和歌山市エリア"
"206.0","八十八家","田辺市稲成町","２７０－１－２","","⑤","熊野エリア"
"207.0","民宿せせらぎ","田辺市龍神村湯ノ又","５７７－２","","⑤","熊野エリア"
"208.0","たまゆらの里","紀美野町長谷宮","７０５","","①","和歌山市エリア"
"209.0","和歌山加太温泉　加太海月","和歌山市","加太１９０５","","①","和歌山市エリア"
"210.0","海南市物産観光センター","海南市名高","５１－２","JR海南駅構内","①","和歌山市エリア"
"211.0","ファーストガーデン","海南市名高","５３２－１４","","①","和歌山市エリア"
"212.0","黒牛茶屋","海南市","黒江８４６","","①","和歌山市エリア"
"213.0","黒江ぬりもの館","海南市黒江","６８０","","①","和歌山市エリア"
"214.0","料亭　美登利","海南市船尾","１８５","","①","和歌山市エリア"
"215.0","ライズゴルフセンター","海南市","大野中１１２２","","①","和歌山市エリア"
"216.0","紀州漆器協同組合","海南市船尾","２２２","","①","和歌山市エリア"
"217.0","池庄漆器店","海南市","黒江６９２","","①","和歌山市エリア"
"218.0","とれたて広場","海南市重根","４１８","","①","和歌山市エリア"
"219.0","野上八幡宮","海草郡紀美野町","小畑６２５","","①","和歌山市エリア"
"220.0","海南駅前一丁目商店街","海南市","名高５５５－３","","①","和歌山市エリア"
"221.0","国木原ゴルフ倶楽部","海草郡紀美野町","国木原５５１－１４","","①","和歌山市エリア"
"222.0","セミナーハウス未来塾","海草郡紀美野町田","２５","","①","和歌山市エリア"
"223.0","法然寺","海南市沖野々","５５３","","①","和歌山市エリア"
"224.0","ド－シェル","海草郡紀美野町","釜滝４１７－３","","①","和歌山市エリア"
"225.0","藤の森不動温泉だるま湯","海草郡紀美野町滝ノ川","７３","","①","和歌山市エリア"
"226.0","キミノーカ","海草郡紀美野町","三尾川７８５－３","","①","和歌山市エリア"
"227.0","釜滝薬師金剛寺","海草郡紀美野町釜滝","１２０","","①","和歌山市エリア"
"228.0","安養寺","海南市名高","４２０","","①","和歌山市エリア"
"229.0","海月旅館","海南市船尾","３７８","","①","和歌山市エリア"
"230.0","コ－ヒ－館　熊野路","紀の川市貴志川町神戸","１７７－３","","①","和歌山市エリア"
"231.0","大池荘","紀の川市貴志川町長山","１２８７－１","","①","和歌山市エリア"
"232.0","アミューズフレンチレストラン","岩出市中黒","４３２‐７","","①","和歌山市エリア"
"233.0","ファーマーズマーケット　めっけもん広場","紀の川市豊田","５６－３","","①","和歌山市エリア"
"234.0","粉河寺","紀の川市","粉河２７８７","","①","和歌山市エリア"
"235.0","焼肉の牛太本陣岩出店","岩出市西国分","７２５－１","","①","和歌山市エリア"
"236.0","タウンコーヒー","岩出市","荊本２３５","","①","和歌山市エリア"
"237.0","粉河産土神社","紀の川市粉河","２７８８","","①","和歌山市エリア"
"238.0","稲穂会病院","紀の川市粉河","７５６‐３","","①","和歌山市エリア"
"239.0","鶏心（チキンハ－ト）ていは","岩出市西野","２５－３","","①","和歌山市エリア"
"240.0","観音寺","紀の川市別所","５８","","①","和歌山市エリア"
"241.0","紀北印刷","紀の川市西大井","１３３－６","","①","和歌山市エリア"
"242.0","Ｔ－ＮＡＲＵＳＥ（ケーキパーラーナルセ）","岩出市清水","３６３","","①","和歌山市エリア"
"243.0","裁ち寄り処","橋本市高野口町名倉","２８８番地","地場産業振興センター","②","高野山エリア"
"244.0","はしもと広域観光案内所","橋本市古佐田","１－５－９","橋本市観光協会","②","高野山エリア"
"245.0","みそや呉服店　店舗","橋本市賢堂","１１１４－１","","②","高野山エリア"
"246.0","みそや呉服店　本店","橋本市橋本","１－２－１４","","②","高野山エリア"
"247.0","ｂｅａｒｅ　ｂｙ　ＭｉＳＯＹＡ","橋本市","橋本１－２－１４","","②","高野山エリア"
"248.0","かつらぎ温泉　八風の湯","伊都郡かつらぎ町佐野","７０２","","②","高野山エリア"
"249.0","天の里","伊都郡かつらぎ町天野","１６２０","","②","高野山エリア"
"250.0","宝善院","伊都郡高野町高野山","568.0","","②","高野山エリア"
"251.0","おみやげ・お茶処　西利","伊都郡高野町高野山","７８４","","②","高野山エリア"
"252.0","天然温泉　ゆの里","橋本市神野々","８９８","","②","高野山エリア"
"253.0","金剛三昧院","伊都郡高野町高野山","４２５","","②","高野山エリア"
"254.0","コスメはうす　ぶどう園","伊都郡かつらぎ町中飯降","１６６１","","②","高野山エリア"
"255.0","河内屋石油","伊都郡高野町高野山","３８８","","②","高野山エリア"
"256.0","そば処　幸村庵","伊都郡九度山町九度山","１４０４","","②","高野山エリア"
"257.0","柿の葉すし九和楽","伊都郡九度山町九度山","１３５３","","②","高野山エリア"
"258.0","プティ・アシェット","橋本市隅田町垂井","５１１－４","","②","高野山エリア"
"259.0","松本商店","伊都郡九度山町九度山","１５６９","","②","高野山エリア"
"260.0","日本エコショップ　Fox橋本店","橋本市隅田町芋生","７－５","","②","高野山エリア"
"261.0","旅館　高野館","伊都郡高野町高野山","４４５","","②","高野山エリア"
"262.0","丹生管省符神社","伊都郡九度山町","慈尊院８３５","","②","高野山エリア"
"263.0","丹生都比売神社","伊都郡かつらぎ町上天野","２３０","","②","高野山エリア"
"264.0","やっちょん広場","橋本市岸上","５２２－１","","②","高野山エリア"
"265.0","真田いこい茶屋","伊都郡九度山町","九度山１７２２－１","","②","高野山エリア"
"266.0","宝城院","伊都郡高野町","高野山１５６","","②","高野山エリア"
"267.0","遍照尊院","伊都郡高野町","高野山３０３","","②","高野山エリア"
"268.0","総持院","伊都郡高野町高野山","１４３","","②","高野山エリア"
"269.0","パン工房　Ａｒｃｔｉｃ","橋本市東家","６－１－３","","②","高野山エリア"
"270.0","小堀南岳堂","伊都郡高野町","高野山７８１","","②","高野山エリア"
"271.0","岩橋化粧品店","橋本市","東家４－６－１１","","②","高野山エリア"
"272.0","報恩院","伊都郡高野町","高野山２８３","","②","高野山エリア"
"273.0","道の駅「柿の郷くどやま」","伊都郡九度山町","入郷５番５","","②","高野山エリア"
"274.0","御菓子司さゞ波横休憩所","伊都郡高野町大字高野山","７９７","","②","高野山エリア"
"275.0","かつらぎ西パーキングエリア","伊都郡かつらぎ町笠田東","１２７０－２２","","②","高野山エリア"
"276.0","ＴＥＲＡＫＯ－ＹＡ","伊都郡高野町高野山","４４５","","②","高野山エリア"
"277.0","ウエストコースト","伊都郡かつらぎ町大字笠田東","１０８－１","","②","高野山エリア"
"278.0","わらべ","和歌山県橋本市小原田","７４－９","ハイツ小原田１階","②","高野山エリア"
"279.0","子安地蔵寺","橋本市菖蒲谷","９４","","②","高野山エリア"
"280.0","真明寺","伊都郡かつらぎ町佐野","３１８","","②","高野山エリア"
"281.0","増福院","伊都郡高野町高野山","３４６","","②","高野山エリア"
"282.0","西禅院","伊都郡高野町高野山","１５４","","②","高野山エリア"
"283.0","カメイプラザ","橋本市市脇４丁目","１－２０","","②","高野山エリア"
"284.0","亀井商店卸配送センター","橋本市市脇４丁目","１－４","","②","高野山エリア"
"285.0","コスメティックかめい","橋本市橋本２丁目","２－１４","","②","高野山エリア"
"286.0","木間暮","橋本市","西畑４８９－１","","②","高野山エリア"
"287.0","南海りんかんバス　高野山営業所","伊都郡高野町高野山国有林第８林班","１０５－１","","②","高野山エリア"
"288.0","大円院","伊都郡高野町高野山","５９４","","②","高野山エリア"
"289.0","二軒目飯店","伊都郡","かつらぎ町佐野８９０","","②","高野山エリア"
"290.0","初櫻酒造","和歌山県伊都郡かつらぎ町中飯降","８５","","②","高野山エリア"
"291.0","大明王院","伊都郡高野町","大字高野山４８２","","②","高野山エリア"
"292.0","一喜食堂","有田郡湯浅町吉川","６４－３","","③","有田・湯浅・日高エリア"
"293.0","すはらシーサイドハウス","有田郡湯浅町栖原","９６６－１","","③","有田・湯浅・日高エリア"
"294.0","貴望","有田郡湯浅町","大字田５７－９","","③","有田・湯浅・日高エリア"
"295.0","紀州路ありだ","有田郡有田川町熊井","６７４－３","","③","有田・湯浅・日高エリア"
"296.0","焼肉　森谷","有田郡有田川町","庄３２２－１","","③","有田・湯浅・日高エリア"
"297.0","あさぎり","有田郡有田川町大字清水","１２２５－１","","③","有田・湯浅・日高エリア"
"298.0","麺処むらなか","有田郡広川町大字唐尾","２１３‐５","","③","有田・湯浅・日高エリア"
"299.0","角長","有田郡湯浅町湯浅","７","","③","有田・湯浅・日高エリア"
"300.0","カフェアンドレストバグダッド","有田郡有田川町大字修理川","４１７","","③","有田・湯浅・日高エリア"
"301.0","北町茶屋いっぷく","有田郡湯浅町","湯浅２３","","③","有田・湯浅・日高エリア"
"302.0","国民宿舎　くろ潮","有田市","宮崎町１５６２－２","","③","有田・湯浅・日高エリア"
"303.0","レスト喫茶　ドンキー","有田郡湯浅町湯浅","１０４５－１","","③","有田・湯浅・日高エリア"
"304.0","マルキ食堂","有田市箕島","８９７－１","","③","有田・湯浅・日高エリア"
"305.0","喜多亭","有田市","初島町里１９３３－８","","③","有田・湯浅・日高エリア"
"306.0","美よし荘旅館","有田郡湯浅町別所","１６６－１","","③","有田・湯浅・日高エリア"
"307.0","民宿　波満の家","日高郡日高町","方杭４１","","③","有田・湯浅・日高エリア"
"308.0","ロッジ・クール","日高郡日高川町","高津尾９０８","","③","有田・湯浅・日高エリア"
"309.0","丸仁商店","御坊市湯川町小松原","４１０－１","","③","有田・湯浅・日高エリア"
"310.0","イタリア料理ＢＡＭＢＵ（バンブー）","御坊市湯川町　財部","６６４－８","","③","有田・湯浅・日高エリア"
"311.0","民宿　はまよし","日高郡日高町志賀","３９６０－１","","③","有田・湯浅・日高エリア"
"312.0","ビジネスホテル　紀の国","御坊市湯川町小松原","４６３－１","","③","有田・湯浅・日高エリア"
"313.0","民宿　シーサイド産湯","日高郡日高町産湯","１２２","","③","有田・湯浅・日高エリア"
"314.0","白崎シーサイドハイツ白崎荘","日高郡由良町大引","９４８－５","","③","有田・湯浅・日高エリア"
"315.0","喫茶みはる","日高郡美浜町大字田井","５６６－１","","③","有田・湯浅・日高エリア"
"316.0","観光農園ひだか","御坊市名田町上野","１３３６－２","","③","有田・湯浅・日高エリア"
"317.0","野天風呂宝の湯","御坊市湯川町財部","１１１８－１","","③","有田・湯浅・日高エリア"
"318.0","民宿　リッチ","日高郡みなべ町","植田９４２－１","","③","有田・湯浅・日高エリア"
"319.0","朝日楼","日高郡みなべ町","梅香丘１５８９－２","","③","有田・湯浅・日高エリア"
"320.0","錦花堂","日高郡由良町","里１３５６","","③","有田・湯浅・日高エリア"
"321.0","伊藤化粧品店","日高郡みなべ町北道","２２１","","③","有田・湯浅・日高エリア"
"322.0","紀州鉄道　紀伊御坊駅","御坊市","薗２７５","","③","有田・湯浅・日高エリア"
"323.0","往生寺","御坊市湯川町","財部４１２","","③","有田・湯浅・日高エリア"
"324.0","カフェドマンマ","日高郡みなべ町埴田","1590-40","","③","有田・湯浅・日高エリア"
"325.0","岩本食品","日高郡みなべ町晩稲","１１８７","","③","有田・湯浅・日高エリア"
"326.0","お宿　喜作","日高郡日高川町","平川８９４－１","","③","有田・湯浅・日高エリア"
"327.0","わかば薬局","御坊市湯川町財部","７２２－５","","③","有田・湯浅・日高エリア"
"328.0","日高町旅館民宿組合","日高郡日高町高家","６３９－４","","③","有田・湯浅・日高エリア"
"329.0","まちなか総合案内所　しらすな","西牟婁郡白浜町","１３８４－５７","","④","白浜・串本エリア"
"330.0","タイム","西牟婁郡白浜町","８４４","","④","白浜・串本エリア"
"331.0","サウンドスペース　フリッパー","西牟婁郡白浜町","２３１５－３","","④","白浜・串本エリア"
"332.0","ページボーイ美容室","西牟婁郡白浜町","６９３","","④","白浜・串本エリア"
"333.0","霧の郷　たかはら","田辺市中辺路町","高原８２６","","⑤","熊野エリア"
"334.0","やまと","西牟婁郡白浜町","１３５６－２","","④","白浜・串本エリア"
"335.0","とらや","西牟婁郡白浜町","８６８－４３","","④","白浜・串本エリア"
"336.0","魚政商店","西牟婁郡白浜町","１３５３－１","","④","白浜・串本エリア"
"337.0","民宿アイス","西牟婁郡白浜町","８９６","","④","白浜・串本エリア"
"338.0","民宿　森のお宿","西牟婁郡白浜町大","８８０－２","","④","白浜・串本エリア"
"339.0","ビジネスホテル田辺サンシャイン","田辺市稲成町","２３１－６","","⑤","熊野エリア"
"340.0","農家民泊もんぺとくわ","田辺市龍神村西","２６１","","⑤","熊野エリア"
"341.0","素泊り専科プチ白浜","西牟婁郡白浜町","１３３５－６０","","④","白浜・串本エリア"
"342.0","正木自転車","西牟婁郡白浜町","１０６２－１４","","④","白浜・串本エリア"
"343.0","畠山電気商会","西牟婁郡白浜町","１１６２－５６","","④","白浜・串本エリア"
"344.0","龍神温泉上御殿","田辺市","龍神村龍神４２","","⑤","熊野エリア"
"345.0","坂井屋","田辺市","龍神村龍神５６","","⑤","熊野エリア"
"346.0","若山屋商店","田辺市","龍神村龍神４４","","⑤","熊野エリア"
"347.0","有軒屋","田辺市","龍神村龍神３９","","⑤","熊野エリア"
"348.0","国民宿舎ホテルシラハマ","西牟婁郡白浜町","８１３","","④","白浜・串本エリア"
"349.0","プラスワン","西牟婁郡白浜町","２９２７－１８１３","","④","白浜・串本エリア"
"350.0","福重","西牟婁郡白浜町","８９０－１０５","","④","白浜・串本エリア"
"351.0","ホテル花飾璃","西牟婁郡白浜町","１２４３","","④","白浜・串本エリア"
"352.0","谷地商店","西牟婁郡白浜町","１１１１－４１","","④","白浜・串本エリア"
"353.0","白浜ガス","西牟婁郡白浜町","１１３０－３６","","④","白浜・串本エリア"
"354.0","岸商店","西牟婁郡白浜町","１１１１－２１","","④","白浜・串本エリア"
"355.0","小さな宿　白南風","西牟婁郡白浜町","２０２２","","④","白浜・串本エリア"
"356.0","岸酒店","すさみ町","周参見２０９４－６","","④","白浜・串本エリア"
"357.0","白浜シャンピア","西牟婁郡白浜町","３２１６－１４","","④","白浜・串本エリア"
"358.0","田辺駅前広場","田辺市","湊９６３","","⑤","熊野エリア"
"359.0","マリンクラブスサミ","西牟婁郡すさみ町周参見","３３６３－３","","④","白浜・串本エリア"
"360.0","杜の郷みるりいな","田辺市本宮町大津荷","５－３","","⑤","熊野エリア"
"361.0","ロイヤルリゾート白浜","西牟婁郡白浜町","３２１９－６","","④","白浜・串本エリア"
"362.0","福すし","西牟婁郡上富田町朝来","９３２","","④","白浜・串本エリア"
"363.0","エビとカニの水族館","西牟婁郡すさみ町江住","８０８－１","","④","白浜・串本エリア"
"364.0","バニラカフェ","田辺市南新町","２０１","","⑤","熊野エリア"
"365.0","よし平　総本店","田辺市神島台","１－１９","","⑤","熊野エリア"
"366.0","紀州うまいもん家傳八","田辺市新庄町","４５１－３","","⑤","熊野エリア"
"367.0","ホテル南海楼","田辺市湊","９９６","","⑤","熊野エリア"
"368.0","道の駅すさみ","西牟婁郡すさみ町江住","８０８番地－１","","④","白浜・串本エリア"
"369.0","メガネのエノモト時計店","田辺市湊","１０３２","","⑤","熊野エリア"
"370.0","民宿　五幸","西牟婁郡白浜町御幸通","３３４０－１９","","④","白浜・串本エリア"
"371.0","丸井旅館","田辺市龍神村西","９－２","","⑤","熊野エリア"
"372.0","くまの薬局","田辺市本宮町本宮","２５６－１","","⑤","熊野エリア"
"373.0","本宮石油","田辺市本宮町本宮","１５７５－１","","⑤","熊野エリア"
"374.0","ウッドストック","田辺市中屋敷町","７－１","","⑤","熊野エリア"
"375.0","民宿天空のさと山","田辺市中辺路町高原","９１６－１","","⑤","熊野エリア"
"376.0","喫茶　きっちん","田辺市本宮町","本宮２４７－３","","⑤","熊野エリア"
"377.0","プレジデント椿","西牟婁郡白浜町","椿１０５５－９","","④","白浜・串本エリア"
"378.0","リバージュ・スパひきがわ","西牟婁郡白浜町日置","１０１３－２５","","④","白浜・串本エリア"
"379.0","秋津野ガルテン","田辺市上秋津","４５５８－８","","⑤","熊野エリア"
"380.0","美人亭","田辺市","龍神村龍神９６－３","","⑤","熊野エリア"
"381.0","南方熊楠記念館","西牟婁郡白浜町","３６０１－１","","④","白浜・串本エリア"
"382.0","民宿　ゆの里","田辺市　本宮町　下湯川","２８７","","⑤","熊野エリア"
"383.0","ワインディングロード","田辺市末広町","１７－２１","","⑤","熊野エリア"
"384.0","熊野ガラス工房","田辺市","本宮町本宮２９４","","⑤","熊野エリア"
"385.0","ビデオボックスREMOVA田辺店","田辺市本町","６３","","⑤","熊野エリア"
"386.0","ＧＡＭＥ　ＢＯＸ　ワンパク　田辺店","田辺市本町","６３－３","","⑤","熊野エリア"
"387.0","ＧＡＭＥ　ＢＯＸ　ワンパク　新庄店","田辺市新庄町","１９７７－４","","⑤","熊野エリア"
"388.0","正寿院","田辺市上芳養","９９３－２","","⑤","熊野エリア"
"389.0","民宿若竹","和歌山県西牟婁郡白浜町椿","１０６２－８","","④","白浜・串本エリア"
"390.0","箸折茶屋","田辺市中辺路町近露","９０７－２","","⑤","熊野エリア"
"391.0","旬菜台所とも","西牟婁郡白浜町","１３８４－５３","","④","白浜・串本エリア"
"392.0","お好み焼きおがわ","西牟婁郡白浜町","３３０９－２７","","④","白浜・串本エリア"
"393.0","お食事しもじ　本店","田辺市本宮町請川","３３０－１","","⑤","熊野エリア"
"394.0","お食事しもじ　本宮店","田辺市本宮町本宮","２８５","","⑤","熊野エリア"
"395.0","Ｙショップ　シモジ","田辺市本宮町請川","３２９－３","","⑤","熊野エリア"
"396.0","紀伊田辺シティプラザホテル","田辺市東山","１－５－３２","","⑤","熊野エリア"
"397.0","亀屋旅館","田辺市本宮町川湯","１４３４","","⑤","熊野エリア"
"398.0","海のお宿","西牟婁郡すさみ町江住","９０６－１８","","④","白浜・串本エリア"
"399.0","ホテル　ベルヴェデーレ","西牟婁郡すさみ町","周参見４８５７－３","","④","白浜・串本エリア"
"400.0","民宿　前田屋","西牟婁郡白浜町","久木８６９－３３","","④","白浜・串本エリア"
"401.0","田辺市旅館業組合","田辺市湊","７２７‐２　田辺市観光センター２階","","⑤","熊野エリア"
"402.0","村田写真館","田辺市今福町","９１","","⑤","熊野エリア"
"403.0","よしのや旅館","田辺市本宮町湯峯","３５９","","⑤","熊野エリア"
"404.0","海鮮料理　甚力","西牟婁郡白浜町","３０７９","","④","白浜・串本エリア"
"405.0","ホテル　ルアンドン白浜","西牟婁郡白浜町","３３５４－９","","④","白浜・串本エリア"
"406.0","観音寺","西牟婁郡上富田町","１９７７","","④","白浜・串本エリア"
"407.0","とれとれ市場 南紀白浜","西牟婁郡白浜町","堅田２５２１","","④","白浜・串本エリア"
"408.0","白浜温泉紀州路","西牟婁郡白浜町","３０１８－２","","④","白浜・串本エリア"
"409.0","まるまさラーメン","西牟婁郡","白浜町８９０－３７","","④","白浜・串本エリア"
"410.0","闘鶏神社","田辺市東陽","１－１","","⑤","熊野エリア"
"411.0","川湯みどりや","田辺市本宮町","川湯１３","","⑤","熊野エリア"
"412.0","川湯まつや","田辺市本宮町","川湯２９","","⑤","熊野エリア"
"413.0","民宿浜ぼう","西牟婁郡白浜町","４９－１","","④","白浜・串本エリア"
"414.0","居酒屋　卯八","西牟婁郡白浜町","２９２７－１０５","","④","白浜・串本エリア"
"415.0","ホテルサンリゾート白浜","西牟婁郡白浜町堅田","２５００－１８５","","④","白浜・串本エリア"
"416.0","二宮","田辺市","下屋敷町２７","","⑤","熊野エリア"
"417.0","熊野本宮大社","田辺市","本宮町本宮１１１０","","⑤","熊野エリア"
"418.0","瑞鳳殿","田辺市","本宮町本宮１９５－３","","⑤","熊野エリア"
"419.0","湯の峯荘","田辺市本宮町下湯川","４３７","","⑤","熊野エリア"
"420.0","瀧よし","田辺市本宮町湯峯","２６０－４","","⑤","熊野エリア"
"421.0","Ｖショップ滝内店","田辺市新庄町","２９１５－３２８","","⑤","熊野エリア"
"422.0","Ｖショップ桟橋店","西牟婁郡白浜町","３７４４－３","","④","白浜・串本エリア"
"423.0","ザグランリゾートエレガンテ白浜","西牟婁郡白浜町","１８１３－８","","④","白浜・串本エリア"
"424.0","インフィニートホテル＆スパ南紀白浜","西牟婁郡白浜町","２０１８","","④","白浜・串本エリア"
"425.0","玄米彩菜","田辺市新屋敷町","６－１","パークサイドホテル７Ｆ","⑤","熊野エリア"
"426.0","鮨康","田辺市高雄","１丁目１－１２","","⑤","熊野エリア"
"427.0","ハピネスちかつゆ","田辺市近露","６０６－２","","⑤","熊野エリア"
"428.0","南紀白浜梅樽温泉ホテルシーモア","西牟婁郡白浜町","１８２１","","④","白浜・串本エリア"
"429.0","温泉三昧の宿白浜館","西牟婁郡白浜町","１３７９","","④","白浜・串本エリア"
"430.0","ホテル天山閣海ゆぅ庭","西牟婁郡白浜町","２０２０","","④","白浜・串本エリア"
"431.0","ホテル天山閣湯楽庵","西牟婁郡白浜町","２９２７－５５３","","④","白浜・串本エリア"
"432.0","民宿ｉｎｎしらはま駅の宿","西牟婁郡白浜町堅田","１４７９－１","","④","白浜・串本エリア"
"433.0","休憩処いっぷく","田辺市本宮町本宮","１０８－１","","⑤","熊野エリア"
"434.0","まちなかキッチン","西牟婁郡","白浜町３３００－１９","","④","白浜・串本エリア"
"435.0","民宿亀の井","東牟婁郡那智勝浦町朝日","４丁目７３番地","","⑤","熊野エリア"
"436.0","民宿小出","東牟婁郡那智勝浦町天満","８６７－６","","⑤","熊野エリア"
"437.0","花風月","新宮市上本町","１－２－２","","⑤","熊野エリア"
"438.0","那智山観光センター","東牟婁郡那智勝浦町那智山","４４２－２","","⑤","熊野エリア"
"439.0","あづま寿司","新宮市","橋本２丁目１１－３３","","⑤","熊野エリア"
"440.0","民宿　百福","新宮市熊野川町","西２２４－３","","⑤","熊野エリア"
"441.0","徐福寿司　駅前店","新宮市徐福","２－１－９","","⑤","熊野エリア"
"442.0","堀田精肉店","新宮市神倉１丁目","４－５","","⑤","熊野エリア"
"443.0","紀南石油販売所勝浦サービスステーション","東牟婁郡那智勝浦町","朝日２丁目－２３１","","⑤","熊野エリア"
"444.0","紀南石油販売所新宮サービスステーション","新宮市","神倉２丁目－９－１３","","⑤","熊野エリア"
"445.0","おむすび一郎","新宮市神倉１丁目","７－２６","","⑤","熊野エリア"
"446.0","熊野物産","新宮市神倉２丁目","８－１１","","⑤","熊野エリア"
"447.0","堀忠酒店","東牟婁郡那智勝浦町築地","３－３－６","","⑤","熊野エリア"
"448.0","潮岬青少年の家","東牟婁郡串本町潮岬","６６９","","④","白浜・串本エリア"
"449.0","みさきロッヂ　西田","東牟婁郡串本町潮岬","２８６４－１","","④","白浜・串本エリア"
"450.0","民宿　チャイム","東牟婁郡串本町","潮岬６６９","","④","白浜・串本エリア"
"451.0","古座観光協会　観光案内所","東牟婁郡串本町西向","２３１－３","","④","白浜・串本エリア"
"452.0","新宮市観光協会　観光案内所","新宮市徐福","２丁目１－１","","⑤","熊野エリア"
"453.0","ｍ’ａｆｆａｂｌｙ","新宮市熊野川町西","２２５－２","","⑤","熊野エリア"
"454.0","串本町観光協会　観光案内所","東牟婁郡串本町串本","３３","","④","白浜・串本エリア"
"455.0","御食事処桂城","東牟婁郡那智勝浦町勝浦","３９８－１１","","⑤","熊野エリア"
"456.0","ホテル浦島","東牟婁郡那智勝浦町勝浦","１１６５－２","","⑤","熊野エリア"
"457.0","万清楼","東牟婁郡那智勝浦町勝浦","４４８","","⑤","熊野エリア"
"458.0","和風料理ｂｏｄａｉ（ボダイ）","東牟婁郡那智勝浦町築地","５－１－３","","⑤","熊野エリア"
"459.0","ノエビア　新宮中央販売","東牟婁郡那智勝浦町宇久井","５７－１","","⑤","熊野エリア"
"460.0","ダイブリゾート田子","東牟婁郡串本町田子","６１９","","④","白浜・串本エリア"
"461.0","味斗","新宮市横町","１－１－９","","⑤","熊野エリア"
"462.0","民宿喫茶たい島","東牟婁郡串本町西向","１２６０－２","","④","白浜・串本エリア"
"463.0","まえ田","新宮市橋本","２－１０－３０","","⑤","熊野エリア"
"464.0","うどん・そば　はし杭","東牟婁郡串本町くじの川","１５４８－１","","④","白浜・串本エリア"
"465.0","ビジネスホテル　くすもと","東牟婁郡那智勝浦町築地","７丁目６－２５","","⑤","熊野エリア"
"466.0","ヴァレ・ノワ－ル","東牟婁郡串本町津荷","１３３","","④","白浜・串本エリア"
"467.0","モスバーガー　新宮店","新宮市下田","２丁目２－７","","⑤","熊野エリア"
"468.0","串本応挙芦雪館","東牟婁郡串本町串本","８３３","","④","白浜・串本エリア"
"469.0","和の食彩　古城","新宮市神倉","４－３－１８","","⑤","熊野エリア"
"470.0","那智勝浦町観光協会　観光案内所","東牟婁郡那智勝浦","築地６丁目１番地１","","⑤","熊野エリア"
"471.0","温泉民宿　小阪屋","東牟婁郡那智勝浦町","北浜１－１８","","⑤","熊野エリア"
"472.0","不二家オークワ新宮仲之町店","新宮市谷王子町","４１８－１","","⑤","熊野エリア"
"473.0","（有）リフレわかやま","新宮市神倉","２－７－３２","","⑤","熊野エリア"
"474.0","つぼちゃ青果","新宮市神倉","２－７－２７","","⑤","熊野エリア"
"475.0","松　寿司","東牟婁郡串本町串本","１７３５－９１","","④","白浜・串本エリア"
"476.0","花清","新宮市神倉","１－６－５","","⑤","熊野エリア"
"477.0","熊野水軍　天酔","新宮市伊佐田町","１－３－１２","","⑤","熊野エリア"
"478.0","かつうら御苑","那智勝浦町","勝浦２１６－１９","","⑤","熊野エリア"
"479.0","中華料理　万惣","新宮市横町","２－２－１６","","⑤","熊野エリア"
"480.0","太地フィールドカヤック","東牟婁郡太地町森浦","６８５－２７","","⑤","熊野エリア"
"481.0","イル・ド・フランス","新宮市新宮","７６９７","","⑤","熊野エリア"
"482.0","勝浦漁業協同組合（魚市場見学）","那智勝浦町","築地７－８－２","","⑤","熊野エリア"
"483.0","祥源寺","東牟婁郡古座川町","高池５００","","④","白浜・串本エリア"
"484.0","サンタウンホール","新宮市仲之町","１丁目２－６","","⑤","熊野エリア"
"485.0","ビストロ　プティジョア","新宮市別当屋敷町","４－７","","⑤","熊野エリア"
"486.0","みなみ野フィールズ不動坂","東牟婁郡那智勝浦町南平野","１２２７","","⑤","熊野エリア"
"487.0","やまさき屋旅館","東牟婁郡","古座川町高池２２５","","④","白浜・串本エリア"
"488.0","民宿わかたけ","那智勝浦町朝日","３－３４","","⑤","熊野エリア"
"489.0","シートピア串本","東牟婁郡串本町","高富５８０－１","","④","白浜・串本エリア"
"490.0","焼肉ひげ","新宮市神倉","４－３－１９","","⑤","熊野エリア"
"491.0","雅楽","新宮市","下田２丁目３－４０","","⑤","熊野エリア"
"492.0","涼風","新宮市新宮","７６８４－３９","","⑤","熊野エリア"
"493.0","はもん亭","新宮市神倉","４－３－２","","⑤","熊野エリア"
"494.0","心楽","新宮市緑ヶ丘","１丁目１－３４","明洋ビジネスセンター１Ｆ","⑤","熊野エリア"
"495.0","ソップ亭","新宮市徐福","１－３－８","","⑤","熊野エリア"
"496.0","JR・南海橋本駅","橋本市","古佐田1-4-51","","②","高野山エリア"
"497.0","JR　高野口","橋本市","高野口町名倉字城跡790-2","","②","高野山エリア"
"498.0","橋本市図書館","橋本市","東家１－６－２７","","②","高野山エリア"
"499.0","くまの古道歴史民俗資料館","有田市","糸我町中番３３０－２","","③","有田・湯浅・日高エリア"
"500.0","龍神宮代オートキャンプ場","田辺市龍神村宮代","620","","⑤","熊野エリア"
"501.0","龍神温泉元湯別館","田辺市龍神村龍神","5","","⑤","熊野エリア"
"502.0","龍神温泉元湯","田辺市龍神村龍神","37","","⑤","熊野エリア"
"503.0","季楽里龍神","田辺市龍神村龍神","189","","⑤","熊野エリア"
"504.0","林業開発センター　深山荘","田辺市龍神村小又川","281","","⑤","熊野エリア"
"505.0","丹生ヤマセミ温泉館","田辺市龍神村丹生ノ川","275-2","","⑤","熊野エリア"
"506.0","熊野の郷　古道ケ丘","田辺市中辺路町栗栖川","844-100","","⑤","熊野エリア"
"507.0","近露観光交流館　かめや","田辺市中辺路町近露","1129","","⑤","熊野エリア"
"508.0","クアハウス熊野本宮","田辺市本宮町渡瀬","45-3","","⑤","熊野エリア"
"509.0","田辺市立武道館","田辺市目良","44-8","","⑤","熊野エリア"
"510.0","田辺市立弓道場","田辺市目良","42-1","","⑤","熊野エリア"
"511.0","徐福公園","新宮市徐福","１－４－２４","","⑤","熊野エリア"
"512.0","熊野川温泉さつき","新宮市熊野川町日足","７０７","","⑤","熊野エリア"
"513.0","小口自然の家","新宮市熊野川町上長井","３９８","","⑤","熊野エリア"
"514.0","川舟センター","新宮市熊野川町日足","３５０","","⑤","熊野エリア"
"515.0","まちなか観光情報センター","新宮市","浮島６","","⑤","熊野エリア"
"516.0","浮島の森","新宮市","浮島３―３８","","⑤","熊野エリア"
"517.0","川原家横丁","新宮市","船町1-2-1","","⑤","熊野エリア"
"518.0","神倉神社","新宮市","神倉１－１３－８","","⑤","熊野エリア"
"519.0","新宮市立歴史民俗資料館","新宮市","阿須賀1-2-28","","⑤","熊野エリア"
"520.0","青州の里フラワーヒルミュージアム","紀の川市","西野山４７３","","①","和歌山市エリア"
"521.0","のかみふれあい公園","海草郡紀美野町","西野９７１","","①","和歌山市エリア"
"522.0","みさと天文台","海草郡紀美野町","松ヶ峯１８０","","①","和歌山市エリア"
"523.0","かつらぎ町笠田観光案内所","伊都郡かつらぎ町","笠田東１９－１","","②","高野山エリア"
"524.0","かつらぎ町天野地域交流センター","伊都郡かつらぎ町","下天野９２７","","②","高野山エリア"
"525.0","かつらぎ町四郷地域交流センター","伊都郡かつらぎ町","広口１１９７","","②","高野山エリア"
"526.0","九度山・真田ミュージアム","伊都郡九度山町九度山","１４５２－４","","②","高野山エリア"
"527.0","稲むらの火の館","有田郡広川町大字広","６７１","","③","有田・湯浅・日高エリア"
"528.0","ほたるの湯","有田郡広川町下津木","１５３９","","③","有田・湯浅・日高エリア"
"529.0","温泉館「海の里」みちしおの湯","日高郡日高町方杭","１００番地","","③","有田・湯浅・日高エリア"
"530.0","海の家産湯","日高郡日高町","産湯","","③","有田・湯浅・日高エリア"
"531.0","日高川交流センター","日高郡日高川町","高津尾７１８－３","","③","有田・湯浅・日高エリア"
"532.0","上富田町産業振興・文化交流会館","西牟婁郡上富田町","朝来２５３７－５７","","④","白浜・串本エリア"
"533.0","おくとろ公園","東牟婁郡北山村","大字下尾井","おくとろ公園キャンプ場","⑤","熊野エリア"
"534.0","トルコ記念館","東牟婁郡串本町","樫野１０２５－２６","","④","白浜・串本エリア"
"535.0","田辺市役所","田辺市新屋敷町","1","","⑤","熊野エリア"
"536.0","田辺市観光センター","田辺市湊","727-2","","⑤","熊野エリア"
"537.0","扇ケ浜公園","田辺市扇ケ浜","","","⑤","熊野エリア"
"538.0","田辺スポーツパーク（テニスコート）","田辺市上の山","1-23-1-5","","⑤","熊野エリア"
"539.0","田辺スポーツパーク（野球場）","田辺市上の山","1-23-1-2","","⑤","熊野エリア"
"540.0","田辺スポーツパーク（陸上競技場）","田辺市上の山","1-23-1-1","","⑤","熊野エリア"
"541.0","新庄総合公園","田辺市たきない町","","","⑤","熊野エリア"
"542.0","田辺市民総合センター","田辺市高雄","1-23-1","","⑤","熊野エリア"
"543.0","田辺市体育センター","田辺市芳養町","108-4","","⑤","熊野エリア"
"544.0","西部センター","田辺市天神崎","11-9","","⑤","熊野エリア"
"545.0","芳養公民館","田辺市芳養松原","1-15-8","","⑤","熊野エリア"
"546.0","万呂コミュニティセンター","田辺市中万呂","46-3","","⑤","熊野エリア"
"547.0","三栖コミュニティセンター","田辺市中三栖","805","","⑤","熊野エリア"
"548.0","秋津公民館","田辺市秋津町","227-30","","⑤","熊野エリア"
"549.0","上秋津公民館","田辺市上秋津","2083-1","","⑤","熊野エリア"
"550.0","上芳養公民館","田辺市上芳養","3165","","⑤","熊野エリア"
"551.0","ひがしコミュニティセンター","田辺市南新万","28-1","","⑤","熊野エリア"
"552.0","田辺市龍神行政局","田辺市龍神村西","376","","⑤","熊野エリア"
"553.0","龍神市民センター","田辺市龍神村安井","1048-6","","⑤","熊野エリア"
"554.0","田辺市中辺路行政局","田辺市中辺路町栗栖川","396-1","","⑤","熊野エリア"
"555.0","中辺路コミュニティセンター","田辺市中辺路町栗栖川","402-1","","⑤","熊野エリア"
"556.0","熊野古道館","田辺市中辺路町栗栖川","1222-1","","⑤","熊野エリア"
"557.0","高原霧の里","田辺市中辺路町高原","1041-1","","⑤","熊野エリア"
"558.0","田辺市大塔行政局","田辺市鮎川","2567-1","","⑤","熊野エリア"
"559.0","大塔総合文化会館","田辺市鮎川","2567-1","","⑤","熊野エリア"
"560.0","鮎川王子カモン館","田辺市鮎川","597-59","","⑤","熊野エリア"
"561.0","田辺市本宮行政局","田辺市本宮町本宮","219","","⑤","熊野エリア"
"562.0","世界遺産 熊野本宮館","田辺市本宮町本宮","100-1","","⑤","熊野エリア"
"563.0","新庄公民館","田辺市新庄町","2031-3","","⑤","熊野エリア"
"564.0","レモネード・カフェ","和歌山市元寺町","１－５４","","①","和歌山市エリア"
"565.0","パソカレッジ橋本教室","橋本市","小原田６８","テナントＳｉｎｇ１階","②","高野山エリア"
"566.0","ヘアメイクＢＥＧＩＮ","和歌山市","川辺２２０","イズミヤ紀伊川辺店ＢＥＧＩＮ","①","和歌山市エリア"
"567.0","憩楽クラブかつらぎ","伊都郡かつらぎ町","大字笠田東３９６－３","かつらぎ町笠田公民館","②","高野山エリア"
"568.0","カラオケボックス一丁目","新宮市","橋本１丁目９－１","宮本ビル","⑤","熊野エリア"
"569.0","アリス","和歌山市","小雑賀３丁目５－１７","","①","和歌山市エリア"
"570.0","ダウンザライン","和歌山市","西仲間町２丁目１５","和歌山第一ビル２０１号","①","和歌山市エリア"
"571.0","たつのや","西牟婁郡白浜町","日置１２０３","","④","白浜・串本エリア"
"572.0","Ｒｏｏｔｓ","田辺市","東山１丁目１０－１０","ラ・ベジブル地下１Ｆ１号","⑤","熊野エリア"
"573.0","イザワ","和歌山市","鳴神９７３－３","","①","和歌山市エリア"
"574.0","理容ウエダ","和歌山市","船所２８－８","","①","和歌山市エリア"
"575.0","スプランドゥール","岩出市","中黒４３４－１","","①","和歌山市エリア"
"576.0","フリンデル（ｖｌｉｎｄｅｒ）","和歌山市","秋月２２２－５","","①","和歌山市エリア"
"577.0","オートサービスエフワン","和歌山市","西浜１６６０－４０１","和歌山中央卸売Ｂ棟","①","和歌山市エリア"
"578.0","ワークショップニッカ","御坊市","薗８１６－８","","③","有田・湯浅・日高エリア"
"579.0","マツモトマリンメカニック","田辺市","天神崎３８－１３","","⑤","熊野エリア"
"580.0","髪屋ＫＩＴＴＥＣＯ","田辺市","下万呂５８７－１","","⑤","熊野エリア"
"581.0","福岡電器店","新宮市","徐福２丁目３－１６","","⑤","熊野エリア"
"582.0","ＯｎｅＬｏｖｅ","御坊市","島８７","","③","有田・湯浅・日高エリア"
"583.0","海鮮料理勝丸","新宮市","春日２－１２","","⑤","熊野エリア"
"584.0","惣’ｓキッチン","和歌山市","屋形町４丁目３５","","①","和歌山市エリア"
"585.0","黒潮堂","新宮市","新宮７６８４－７２","","⑤","熊野エリア"
"586.0","珊瑚礁","西牟婁郡白浜町","５００－１","","④","白浜・串本エリア"
"587.0","高野口ゴルフリンクスフライングハイ","橋本市","高野口町大野１８４４－６１","","②","高野山エリア"
"588.0","井戸モータース","有田郡有田川町","大字水尻１－３","須佐見ビル　１階","③","有田・湯浅・日高エリア"
"589.0","梅義","有田市","宮崎町５４５－１","","③","有田・湯浅・日高エリア"
"590.0","髪緋煌貴美容室","有田郡広川町","大字広２７２－１","田中マンション１階２号","③","有田・湯浅・日高エリア"
"591.0","シモジスポーツ","新宮市","新宮７６３９","","⑤","熊野エリア"
"592.0","湯浅英数学院","有田郡湯浅町","大字湯浅８７１－１","","③","有田・湯浅・日高エリア"
"593.0","紀州みなべの里","田辺市","新庄町７４６－１","","⑤","熊野エリア"
"594.0","本覚院","伊都郡高野町","大字高野山６１８","","②","高野山エリア"
"595.0","株式会社くまの薬局御坊店","御坊市","薗２６３－３","小林ビル１階","③","有田・湯浅・日高エリア"
"596.0","緑ヶ丘オートサービス","新宮市","緑ケ丘１丁目８－４１","","⑤","熊野エリア"
"597.0","さくらの薬局","西牟婁郡上富田町","市ノ瀬２５０４－５７","","④","白浜・串本エリア"
"598.0","だるまや","西牟婁郡白浜町","１３３５－４２","","④","白浜・串本エリア"
"599.0","岩出障害児者相談・支援センター","岩出市","宮７１－１","パストラルビル　１階","①","和歌山市エリア"
"600.0","モリユキ","東牟婁郡串本町","串本２０８０－４","","④","白浜・串本エリア"
"601.0","和歌山中央幼稚園","岩出市","波分３２","","①","和歌山市エリア"
"602.0","エル時計店","田辺市","稲成町３１６５","パビリオンシティ田辺店Ｂ館","⑤","熊野エリア"
"603.0","有限会社儀兵衛","田辺市","芳養松原１丁目７－２３","","⑤","熊野エリア"
"604.0","ちゃりんこルート２６","和歌山市","中５５－１","","①","和歌山市エリア"
"605.0","株式会社吹上デンキ","和歌山市","金龍寺丁６７","","①","和歌山市エリア"
"606.0","マリーナシティ海釣り公園","和歌山市","毛見１５３５－３","つり堀事務所","①","和歌山市エリア"
"607.0","芝崎電気店","田辺市","東陽４４－２５","","⑤","熊野エリア"
"608.0","Ｆオート","田辺市","明洋２丁目２３","","⑤","熊野エリア"
"609.0","ジャニス","海南市","名高５３２－１２","海南駅前一番街","①","和歌山市エリア"
"610.0","田甫モータース","有田郡有田川町","大字下津野４５０","","③","有田・湯浅・日高エリア"
"611.0","セレモール那賀","紀の川市","田中馬場１６９－１","","①","和歌山市エリア"
"612.0","有限会社エヌ・ワークス","有田市","箕島８７９－５","","③","有田・湯浅・日高エリア"
"613.0","プライム学習塾","日高郡みなべ町","芝３７７－１５","","③","有田・湯浅・日高エリア"
"614.0","わかやま歴史館・和歌山市観光土産品センター","和歌山市一番丁","３","和歌山城内","①","和歌山市エリア"
"615.0","かわい鍼灸整骨院","伊都郡かつらぎ町","大字笠田東３９８－４","","②","高野山エリア"
"616.0","尾崎電気店","西牟婁郡白浜町","堅田９６６－１","","④","白浜・串本エリア"
"617.0","西正寺","和歌山市和歌浦中","１丁目３－６","","①","和歌山市エリア"
"618.0","井上塾","海南市","重根７１５－１","","①","和歌山市エリア"
"619.0","本広寺","新宮市","新宮６５６","本広寺様方","⑤","熊野エリア"
"620.0","岡オートサイクル","和歌山市","園部９４２－６","","①","和歌山市エリア"
"621.0","Ｔｓｗｅｅｔｓ","新宮市徐福","２－２－４","","⑤","熊野エリア"
"622.0","アムール洋品部","新宮市仲之町","３－２　－　１３","アムール様方","⑤","熊野エリア"
"623.0","サイクルショップまるやま","岩出市","新田広芝３１９－１１","","①","和歌山市エリア"
"624.0","勝専寺","日高郡みなべ町","南道１０７","","③","有田・湯浅・日高エリア"
"625.0","中田写真館","伊都郡高野町","大字高野山５１５","","②","高野山エリア"
"626.0","清水獣医科病院","東牟婁郡太地町大字森浦","５５１－８３","","⑤","熊野エリア"
"627.0","隅田歯科医院","橋本市隅田町垂井","７３","","②","高野山エリア"
"628.0","川福燃料東和歌山","和歌山市","吉田３９２","","①","和歌山市エリア"
"629.0","坂田石油","橋本市","岸上４０６","","②","高野山エリア"
"630.0","和歌山米油販売　四ケ郷給油所","和歌山市","松島９７－１","","①","和歌山市エリア"
"631.0","ＹＮＤデザイン事務所","和歌山市","小野町１丁目２７","武部マンション１階","①","和歌山市エリア"
"632.0","和歌山米油販売　本社","和歌山市次郎丸","７","","①","和歌山市エリア"
"633.0","マサキ珈琲","和歌山市中島","５４６－１","","①","和歌山市エリア"
"634.0","万福寺","和歌山市","松江西３丁目２－３８","","①","和歌山市エリア"
"635.0","温山荘園","海南市船尾","３７０","","①","和歌山市エリア"
"636.0","和歌山電鉄　貴志駅","紀の川市貴志川町神戸","８０３","","①","和歌山市エリア"
"637.0","和歌山電鉄　伊太祈曽駅","和歌山市伊太祈曽","７３","","①","和歌山市エリア"
"638.0","センザキ薬局","田辺市","高雄１丁目１４－３４","","⑤","熊野エリア"
"639.0","ようのき療整院","和歌山市北町","２５","アーバンハイツ１階","①","和歌山市エリア"
"640.0","きんかわ接骨院","日高郡美浜町","大字和田１１４６","","③","有田・湯浅・日高エリア"
"641.0","明光旅行社","西牟婁郡白浜町堅田","１３８５－６","","④","白浜・串本エリア"
"642.0","ポートインくじら浜","東牟婁郡太地町大字太地","２９０２－５","","⑤","熊野エリア"
"643.0","メルヘン","西牟婁郡富田町生馬","５９９－２","","④","白浜・串本エリア"
"644.0","ＴｏｎＴｏｎ","橋本市","紀見ケ丘２丁目３－１","","②","高野山エリア"
"645.0","セシボン","御坊市","藤田町吉田８５０－２","","③","有田・湯浅・日高エリア"
"646.0","ＮＴＴ西日本　公園前ビル","和歌山市一番丁","５","","①","和歌山市エリア"
"647.0","ＮＴＴ西日本　京橋別館","和歌山市十一番丁","５４","","①","和歌山市エリア"
"648.0","松山整骨院","和歌山市","園部８７０","","①","和歌山市エリア"
"649.0","大浦整骨院","橋本市","三石台１丁目３－１","フォレストはしもと１階","②","高野山エリア"
"650.0","園部接骨院","和歌山市","園部４３３－５","","①","和歌山市エリア"
"651.0","ホテル浦島案内所","東牟婁郡那智勝浦町","大字勝浦字中ノ町４４２番地１９","","⑤","熊野エリア"
"652.0","カーショップ・ユーズ","紀の川市東国分","４３０‐２","","①","和歌山市エリア"
"653.0","中央鈑金塗装所","有田郡有田川町大字徳田","１７８‐３","","③","有田・湯浅・日高エリア"
"654.0","テイクオート","和歌山市築港","４丁目５","","①","和歌山市エリア"
"655.0","ユーオートボディ","和歌山市川辺","１４９","","①","和歌山市エリア"
"656.0","ふじや商店","紀の川市粉河","１７９７","","①","和歌山市エリア"
"657.0","殿山自動車","西牟婁郡　上富田町朝来","１３１４‐１","","④","白浜・串本エリア"
"658.0","紀和ホンダ株式会社","橋本市学文路","５７‐１","","②","高野山エリア"
"659.0","白浜温泉旅館協同組合","西牟婁郡白浜町","１６５０‐１","","④","白浜・串本エリア"
"660.0","ブルーライド","田辺市宝来町","２１－１４","","⑤","熊野エリア"
"661.0","天徳院","伊都郡高野町大字高野山","３７０","","②","高野山エリア"
"662.0","和歌山外国語専門学校","和歌山市駿河町","２１","","①","和歌山市エリア"
"663.0","潮風の休憩所","東牟婁郡串本町潮岬","２８６５―１","","④","白浜・串本エリア"
"664.0","国民宿舎くろ潮","有田市宮崎町","１５６２","","③","有田・湯浅・日高エリア"
"665.0","成就院","伊都郡　高野町大字高野山","３３０","","②","高野山エリア"
"666.0","上西薬局","西牟婁郡　白浜町","２１８４","","④","白浜・串本エリア"
"667.0","南海橋本自動車学校","橋本市野","８８","","②","高野山エリア"
"668.0","ミスタータイヤマンとみはら","紀の川市打田","６３‐１","","①","和歌山市エリア"
"669.0","ブティックＨ２Ｏ","田辺市下万呂","５７７‐１","Ｓｕｎｆｅｓｔ　ＰＬＡＺＡ　１階　テナント","⑤","熊野エリア"
"670.0","道の駅椿はなの湯","西牟婁郡白浜町椿","１０５８‐１","","④","白浜・串本エリア"
"671.0","おしゃれ空間","日高郡日高町大字荊木","３‐９","おしゃれ空間","③","有田・湯浅・日高エリア"
"672.0","潮音寺","西牟婁郡すさみ町江住","９５９","","④","白浜・串本エリア"
"673.0","和歌山国際厚生学院","和歌山市北野","２２９‐２","","①","和歌山市エリア"
"674.0","Ｍ・Ｋ・ｆａｒｍ","和歌山市中ノ店南ノ丁","１０","","①","和歌山市エリア"
"675.0","キタノヤ化粧品店","東牟婁郡串本町串本","９４０‐２","","④","白浜・串本エリア"
"676.0","伊勢部柿本神社","海南市日方","６００","","①","和歌山市エリア"
"677.0","はーとぼっくす工房","和歌山市布施屋","７２９","","①","和歌山市エリア"
"678.0","メガネストック勝浦店","東牟婁郡　那智勝浦町大字天満","１丁目７５","田中旦ビル　１階","⑤","熊野エリア"
"679.0","ＲＯＳＳＯ","和歌山市次郎丸","５７‐１","ネオハイツ次郎丸　１階","①","和歌山市エリア"
"680.0","ｈａｉｒ・ａ．ｔ","和歌山市黒田","２５５‐５","ＹＯＵｂｕｌｄ黒田　１階","①","和歌山市エリア"
"681.0","紡","岩出市川尻","１４‐１","フォレストボックス１階","①","和歌山市エリア"
"682.0","エスクラス","岩出市今中","１５４‐１０","","①","和歌山市エリア"
"683.0","ルナ生物店","和歌山市西高松","２丁目９‐６","","①","和歌山市エリア"
"684.0","株式会社成美田辺店","田辺市神島台","９‐１４","","⑤","熊野エリア"
"685.0","藤井計算実務学校","和歌山市太田","５８６","","①","和歌山市エリア"
"686.0","個別指導Ａｘｉｓ紀伊御坊駅前校","御坊市","薗１１２‐１","","③","有田・湯浅・日高エリア"
"687.0","めはりや","和歌山市太田","２丁目１４‐９","東不動産太田ビル　１０３号","①","和歌山市エリア"
"688.0","有限会社コクピットきねいわ","田辺市新庄町","４３７‐１３８","","⑤","熊野エリア"
"689.0","株式会社シータイガー・トービマリン","田辺市天神崎","３８‐２０","シータイガークルフィスポート","⑤","熊野エリア"
"690.0","菓子工房エヌプリュス","橋本市高野口町大野","８６６‐６","","②","高野山エリア"
"691.0","天理教　竹南水分教会","海南市冷水","４９２‐３","","①","和歌山市エリア"
"692.0","モトブーイング","田辺市上の山","２丁目１５‐３７","","⑤","熊野エリア"
"693.0","まえじ鍼灸整骨院","田辺市東陽","３３‐３１","","⑤","熊野エリア"
"694.0","カットスタジオ・ケイズ","岩出市山","１００５‐３","","①","和歌山市エリア"
"695.0","ＮＴＴ海南ビル","海南市日方","１５２３－２","","①","和歌山市エリア"
"696.0","ＮＴＴ和歌山東ビル","和歌山市太田","２８７","","①","和歌山市エリア"
"697.0","箕島屋支店","御坊市薗","１２０‐８","","③","有田・湯浅・日高エリア"
"698.0","シティ　ｉｎｎ　ＷＡＫＡＹＡＭＡ","和歌山市吉田","４３２","","①","和歌山市エリア"
"699.0","メガネのヒラミ","新宮市新宮","６８５３‐２２","","⑤","熊野エリア"
"700.0","ＮＴＴ宇須ビル","和歌山市宇須","１－５－４１","","①","和歌山市エリア"
"701.0","アノマーティコ","和歌山市美園町","５丁目１２－７","","①","和歌山市エリア"
"702.0","七田チャイルドアカデミー紀三井寺教室","和歌山市布引","６１８‐１","","①","和歌山市エリア"
"703.0","中原歯科医院","和歌山市西庄","３８７‐１","","①","和歌山市エリア"
"704.0","センゴクベンダー本社","和歌山市出島","４０９－５","","①","和歌山市エリア"
"705.0","ＦＬＡＴ-ＨＡＩＲ・ＣＵＴＴＥＲＳ","紀の川市名手市場","７１４‐１","","①","和歌山市エリア"
"706.0","久保呉服店","和歌山市友田町","２丁目６１","","①","和歌山市エリア"
"707.0","和歌山市役所　東庁舎２階","和歌山市","七番丁２３番地","","①","和歌山市エリア"
"708.0","岡本整骨院","海南市船尾","１９４‐９６","","①","和歌山市エリア"
"709.0","かわの動物病院","和歌山市紀三井寺","５３５－１５","","①","和歌山市エリア"
"710.0","西田電気店","東牟婁郡　古座川町高池","２７‐４","","④","白浜・串本エリア"
"711.0","オザキ自動車","東牟婁郡　串本町姫","６０３","","④","白浜・串本エリア"
"712.0","きくや旅館","伊都郡　かつらぎ町大字妙寺","４４０","","②","高野山エリア"
"713.0","ＫＳサービス","和歌山市栗栖","３２２‐５","","①","和歌山市エリア"
"714.0","南川モータース","和歌山市東長町","２丁目３５","","①","和歌山市エリア"
"715.0","イズミカーズ","橋本市高野口町向島","４３‐１","","②","高野山エリア"
"716.0","Ｋ―ＭＡＸ・ＡＵＴＯ","和歌山市口須佐","１６‐７","","①","和歌山市エリア"
"717.0","伸洋自動車","田辺市下三栖","１３１０‐３","","⑤","熊野エリア"
"718.0","有限会社昭和自動車整備工場","西牟婁郡白浜町大古","４９４‐２","","④","白浜・串本エリア"
"719.0","プチショップ有田店","有田市初島町浜","１３７６‐１","","③","有田・湯浅・日高エリア"
"720.0","カーメンテナンスグッドスピード","田辺市文里","１丁目１８‐６","","⑤","熊野エリア"
"721.0","岸野酒造","御坊市御坊","６０","","③","有田・湯浅・日高エリア"
"722.0","ＲＳモーター","田辺市芳養松原","１丁目１－１９","","⑤","熊野エリア"
"723.0","堀酒店","東牟婁郡串本町串本","１９００‐１","","④","白浜・串本エリア"
"724.0","森下商店","西牟婁郡すさみ町江住","１５５０","","④","白浜・串本エリア"
"725.0","井戸上モータース","有田郡有田川町大字二川","７６６‐５","","③","有田・湯浅・日高エリア"
"726.0","祝砲酒造株式会社","和歌山市田中町","２丁目２０","","①","和歌山市エリア"
"727.0","有限会社共進自動車サービス","西牟婁郡上富田町岩崎","３３－１","","④","白浜・串本エリア"
"728.0","ＡＫＩＲＡＡＵＴＯ","東牟婁郡那智勝浦町大字湯川","８７５－２０","","⑤","熊野エリア"
"729.0","有限会社鈴森自動車","東牟婁郡那智勝浦町大字湯川","８９７‐９９","","⑤","熊野エリア"
"730.0","すぎたに鍼灸接骨院","和歌山市土入","７３‐１","","①","和歌山市エリア"
"731.0","カーテラス","和歌山市毛見","１４３７‐１０２","","①","和歌山市エリア"
"732.0","富士屋","有田郡湯浅町大字湯浅","２１６２‐８","","③","有田・湯浅・日高エリア"
"733.0","熊野那智大社　社務所","東牟婁郡那智勝浦町大字那智山","１","","⑤","熊野エリア"
"734.0","熊野那智大社　飛滝授与所","東牟婁郡那智勝浦町大字那智山","９９９","飛滝授与所","⑤","熊野エリア"
"735.0","動物園（和歌山公園）","和歌山市","一番丁３","","①","和歌山市エリア"
"736.0","和歌山県立　紀北青少年の家","伊都郡かつらぎ町","中飯降１３１７－３","","②","高野山エリア"
"737.0","二の丸庭園（和歌山公園）","和歌山市","一番丁３","","①","和歌山市エリア"
"738.0","ＮＴＴ西日本　元町別館","田辺市","上の山１－１５－２９","","⑤","熊野エリア"
"739.0","和歌山県立博物館","和歌山市吹上","１－４－１４","","①","和歌山市エリア"
"740.0","和歌山県立近代美術館","和歌山市吹上","１－４－１４","","①","和歌山市エリア"
"741.0","和歌山県立自然博物館","海南市船尾","３７０－１","","①","和歌山市エリア"
"742.0","和歌山県立紀伊風土記の丘","和歌山市岩橋","１４１１","","①","和歌山市エリア"
"743.0","和歌山県立秋葉山公園県民水泳場（あきばさんプール）","和歌山市秋葉町","４－１１","","①","和歌山市エリア"
"744.0","和歌山県立わかやま館","和歌山市毛見","１５２０","","①","和歌山市エリア"
"745.0","和歌山県立図書館（きのくに志学館）","和歌山市西高松","１－７－３８","","①","和歌山市エリア"
"746.0","和歌山県立紀三井寺公園陸上競技場","和歌山市毛見","２００","","①","和歌山市エリア"
"747.0","和歌山県民文化会館","和歌山市小松原通","１丁目１番地","","①","和歌山市エリア"
"748.0","和歌山県民交流プラザ・和歌山ビッグ愛","和歌山市手平","２－１－２","","①","和歌山市エリア"
"749.0","多目的ホール・和歌山ビッグホエール","和歌山市手平","２－１－１","","①","和歌山市エリア"
"750.0","中井水産","和歌山市雑賀崎","７６２","","①","和歌山市エリア"
"751.0","ふくろうの湯","和歌山市本町","２－１","","①","和歌山市エリア"
"752.0","マサキ珈琲","和歌山市福島","６１３","","①","和歌山市エリア"
"753.0","ＮＴＴ西日本　和歌山支店","和歌山市","一番丁５番地","","①","和歌山市エリア"
"754.0","和歌山電工株式会社","田辺市神子浜","１－２０－１２","","⑤","熊野エリア"
"755.0","和歌山電工株式会社　神子浜２","田辺市神子浜","２‐２０‐７","","⑤","熊野エリア"
"756.0","くじらの博物館","東牟婁郡太地町","大字太地２９３４","","⑤","熊野エリア"
"757.0","勝浦　まぐろ三昧那智","東牟婁郡那智勝浦町","大字築地２丁目３－１０","","⑤","熊野エリア"
"758.0","和歌山県土砂災害啓発センター","東牟婁郡那智勝浦町市野々字火打川","３０２７番６","","⑤","熊野エリア"
"759.0","株式会社エヌ・ティ・ティマーケティングアクト","和歌山市","太田４丁目４番４１号","ＮＴＴ和歌山東ビル　事務棟３階","①","和歌山市エリア"
"760.0","中国料理　悟空","岩出市","中黒４３２－１","","①","和歌山市エリア"
"761.0","紅葉渓庭園（和歌山公園）","和歌山市","一番丁３","和歌山城内","①","和歌山市エリア"
"762.0","岡口門（和歌山公園）","和歌山市","一番丁３","和歌山城内","①","和歌山市エリア"
"763.0","天守閣前売店（和歌山公園）","和歌山市","一番丁３","和歌山城内","①","和歌山市エリア"
"764.0","紅松庵（和歌山公園）","和歌山市","一番丁３","和歌山城内","①","和歌山市エリア"
"765.0","わかやま歴史館・和歌山市観光土産品センター","和歌山市","一番丁３","和歌山城内","①","和歌山市エリア"
"766.0","砂の丸広場（和歌山公園）","和歌山市","一番丁３","和歌山城内","①","和歌山市エリア"
"767.0","不明門（和歌山公園）","和歌山市","一番丁３","和歌山城内","①","和歌山市エリア"
"768.0","街灯（和歌山公園）","和歌山市","一番丁３","和歌山城内","①","和歌山市エリア"
"769.0","大手門（和歌山公園）","和歌山市","一番丁３","和歌山城内","①","和歌山市エリア"
"770.0","ＺＥＡＬＳＴＡＧＥ―３","和歌山市西庄","３５４‐１","","①","和歌山市エリア"
"771.0","ＺＥＡＬＳＴＡＧＥ―２","和歌山市平井","１４５","","①","和歌山市エリア"
"772.0","カークラブオズ","新宮市佐野","３丁目２‐１３","","⑤","熊野エリア"
"773.0","キャラメルベベ","和歌山市園部","８６４‐１１","","①","和歌山市エリア"
"774.0","シンクモーターガレージ","和歌山市吉礼","１１１９","","①","和歌山市エリア"
"775.0","古賀浦サービス","西牟婁郡白浜町","２７６２‐３","","④","白浜・串本エリア"
"776.0","有限会社共和モータース","和歌山市松島","２００‐５","","①","和歌山市エリア"
"777.0","大塔ダイハツ","田辺市鮎川","５９７‐１２１","","⑤","熊野エリア"
"778.0","株式会社名豊トヨペット勝浦営業所","東牟婁郡那智勝浦町大字朝日","３丁目９４","","⑤","熊野エリア"
"779.0","美容室ＪＡＭ","橋本市高野口町　応其","２２９‐５","","②","高野山エリア"
"780.0","アブソーブ（Ａｂｓｏｒｂ）","岩出市水栖","１７６‐１５","","①","和歌山市エリア"
"781.0","ｐｌｕｓＨａｉｒＤｅｓｉｇｎ","田辺市稲成町","２９８‐１","","⑤","熊野エリア"
"782.0","ｈａｒｉ―ＨＡＩＲ","和歌山市太田","３７３‐５","伊勢屋ビル２階","①","和歌山市エリア"
"783.0","ヘッズヘアー（Ｈ２Ｓｈａｉｒ）","和歌山市狐島","２４‐４","","①","和歌山市エリア"
"784.0","カットハウスザ・ガーデン","紀の川市貴志川町長原","紀の川市貴志川町長原","２４５‐３","①","和歌山市エリア"
"785.0","ヘアーサロンサンライズ","伊都郡かつらぎ町大字妙寺","１１８‐１０","","②","高野山エリア"
"786.0","ｓｈｕ・ｈａｉｒ","和歌山市友田町","５丁目３３","岩橋ビル３階","①","和歌山市エリア"
"787.0","美容室純","橋本市市脇","１丁目１‐１","大平ビル１階","②","高野山エリア"
"788.0","トーイ美容室","和歌山市松江","７１６‐４８","","①","和歌山市エリア"
"789.0","ｗｉｓｈＢ’ＷＡＶＥ","和歌山市野崎","２００‐１０","","①","和歌山市エリア"
"790.0","有限会社古座オート","東牟婁郡　串本町西向","１１０‐１","","⑤","熊野エリア"
"791.0","きもと整骨院","田辺市あけぼの","２‐４１","赤木ビル１階","⑤","熊野エリア"
"792.0","なすオート株式会社","田辺市上の山","１丁目５‐２","","⑤","熊野エリア"
"793.0","飛鳥美容室","御坊市島","１７２","","③","有田・湯浅・日高エリア"
"794.0","ヘアーメイク・グルーヴ","御坊市塩屋町北塩屋","６９３‐３","＜テナント＞フィン１階","③","有田・湯浅・日高エリア"
"795.0","スマイル","新宮市蓬莱","３丁目２‐２７","","⑤","熊野エリア"
"796.0","ＣｈｏｕＣｈｏｕ","和歌山市神前","１３６‐５","","①","和歌山市エリア"
"797.0","シエル（Ｃｉｅｌ）","和歌山市小雑賀","５８３‐１","グリーンフル小雑賀１階","①","和歌山市エリア"
"798.0","シェアハウスいさお","日高郡みなべ町埴田","９２９‐９","","③","有田・湯浅・日高エリア"
"799.0","カーオート久保","東牟婁郡那智勝浦町大字湯川","１０１１‐１","","⑤","熊野エリア"
"800.0","大東自動車整備工場","和歌山県海南市下津町　丁","１４０‐１","","①","和歌山市エリア"
"801.0","株式会社北垣モータース","日高郡日高町大字志賀","５０８‐１","","③","有田・湯浅・日高エリア"
"802.0","村岡自動車整備工場","西牟婁郡　白浜町","３３１","","④","白浜・串本エリア"
"803.0","山根接骨院","和歌山市西庄","３８９‐１","レジダンス・アンソレイエ１階","①","和歌山市エリア"
"804.0","ＯＭ商会","和歌山市鈴丸丁","５３","","①","和歌山市エリア"
"805.0","ウィッシュフォーヘアー","紀の川市中井阪","２２９‐１","ニュー轟３番館＜１階テナント右＞","①","和歌山市エリア"
"806.0","パル・シンケ","有田郡湯浅町大字湯浅","１９７７－２","","③","有田・湯浅・日高エリア"
"807.0","戸口デンキ","紀の川市打田","１０７７‐２３","","①","和歌山市エリア"
"808.0","タンデムケアネットワーク","和歌山市小野町","３丁目１５","","①","和歌山市エリア"
"809.0","柏原建設","有田郡有田川町大字角","１７２‐５","","③","有田・湯浅・日高エリア"
"810.0","Ｏｒｕ・Ｈａｉｒ","田辺市稲成町","１８８‐４","マルビシビル１階","⑤","熊野エリア"
"811.0","有限会社日置川モータース","西牟婁郡白浜町大古","５７２‐１","","④","白浜・串本エリア"
"812.0","青木歯科医院","岩出市吉田","２５７‐１","","①","和歌山市エリア"
"813.0","くすの木デンタルクリニック","和歌山市島崎町","５丁目３２‐７","","①","和歌山市エリア"
"814.0","イントラスト大森","岩出市山","７‐１","","①","和歌山市エリア"
"815.0","森下自動車整備工場","和歌山市築港","３丁目１０","","①","和歌山市エリア"
"816.0","美容室オリーブ　伏原店","橋本市高野口町伏原","９９２‐１","","②","高野山エリア"
"817.0","楠川建設株式会社","海南市下津町","上２１５","","①","和歌山市エリア"
"818.0","ふじもと鍼灸整骨院砂山分院","和歌山市湊","３１４９‐２","","①","和歌山市エリア"
"819.0","ながお美容室","御坊市薗","４６７","","③","有田・湯浅・日高エリア"
"820.0","美容室ハング","和歌山市野崎","１１７‐１","","①","和歌山市エリア"
"821.0","菅野歯科医院","和歌山市和歌浦中","１丁目５－１","","①","和歌山市エリア"
"822.0","株式会社ネクストビジョン","御坊市湯川町財部","３７７‐６","","③","有田・湯浅・日高エリア"
"823.0","吉村歯科医院","紀の川市貴志川町　長原","２４８‐８","","①","和歌山市エリア"
"824.0","有限会社さのでんき和歌川店","和歌山市和歌川町","９‐１６","","①","和歌山市エリア"
"825.0","株式会社ダイゼン建設","和歌山市出島","２７３‐４","","①","和歌山市エリア"
"826.0","さくら不動産販売株式会社","田辺市東山","１丁目５‐１４","","⑤","熊野エリア"
"827.0","柏木モータース","御坊市藤田町吉田","１０２４","","③","有田・湯浅・日高エリア"
"828.0","株式会社マサキオート","岩出市吉田","１３９","","①","和歌山市エリア"
"829.0","有限会社寒川工務店","西牟婁郡　白浜町安居","８４８","","④","白浜・串本エリア"
"830.0","ヤヨイ美容室","御坊市藤田町　藤井","１８６５‐１","","③","有田・湯浅・日高エリア"
"831.0","フレンドリーオカモト","田辺市上秋津","２４０６‐１０","","⑤","熊野エリア"
"832.0","Ｓｔ．Ｍｉｓｔｏ","岩出市相谷","９‐１","田毎ビル１階","①","和歌山市エリア"
"833.0","有限会社ショウジ","西牟婁郡すさみ町周参見","２０９４‐１","","④","白浜・串本エリア"
"834.0","丸山歯科医院","海南市日方","１２７２‐５３","","①","和歌山市エリア"
"835.0","有限会社田尻自動車","和歌山市田尻","４３９－２","","①","和歌山市エリア"
"836.0","楠川ラジオ店","海南市下津町下津","５３５‐４","","①","和歌山市エリア"
"837.0","柳岡歯科医院","和歌山市美園町","５丁目１－２","新橘ビル３階","①","和歌山市エリア"
"838.0","協同組合紀州産直住宅","日高郡美浜町大字田井","４１９","","③","有田・湯浅・日高エリア"
"839.0","みどり産業株式会社","海南市井田","１５３‐３","","①","和歌山市エリア"
"840.0","アイユー企画","西牟婁郡白浜町堅田","７０４‐２","","④","白浜・串本エリア"
"841.0","的場オート商会","和歌山市寺内","４７１","","①","和歌山市エリア"
"842.0","有限会社浅井不動産","和歌山市市小路","３５４‐７","","①","和歌山市エリア"
"843.0","かに道楽　和歌山店","和歌山市十一番丁","２３","かに道楽","①","和歌山市エリア"
"844.0","吉備インターゴルフセンター","有田郡有田川町","大字土生４０９","吉備インターゴルフセンター","③","有田・湯浅・日高エリア"
"845.0","紀北地所株式会社","岩出市岡田","３８９‐１","","①","和歌山市エリア"
"846.0","パリゴー","和歌山市榎原","３２１‐２","","①","和歌山市エリア"
"847.0","一織庵デイサービス岩出","岩出市中黒","５８‐３","","①","和歌山市エリア"
"848.0","三和接骨院","御坊市湯川町　小松原","６０７‐４","","③","有田・湯浅・日高エリア"
"849.0","初島薬局","有田市初島町","浜１３１２‐３","","③","有田・湯浅・日高エリア"
"850.0","ほっとはうす喫茶店","御坊市藤田町　吉田","５１３‐３","","③","有田・湯浅・日高エリア"
"851.0","ラターナ","新宮市蜂伏","３‐３８","","⑤","熊野エリア"
"852.0","あかね鍼灸整骨院","紀の川市桃山町　神田","３７８","","①","和歌山市エリア"
"853.0","みやま","和歌山市古屋","１０４‐１","グリーンフル垣内１０３号","①","和歌山市エリア"
"854.0","虎丸水産","和歌山市畑屋敷円福院東ノ丁","１３","","①","和歌山市エリア"
"855.0","ｅｓｔｈｅｔｉｃｓａｌｏｎｃｌｅａｒ","新宮市千穂","２丁目２‐２７","","⑤","熊野エリア"
"856.0","植野電気株式会社","和歌山市黒田","１４９－２","","①","和歌山市エリア"
"857.0","稲垣司法書士事務所","西牟婁郡上富田町朝来","５７６‐１","","④","白浜・串本エリア"
"858.0","有限会社新光モータース","和歌山市狐島","３５８－４","","①","和歌山市エリア"
"859.0","犇屋岩出店","岩出市野上野","９７","","①","和歌山市エリア"
"860.0","国語塾いはら教室","岩出市野上野","３５‐３３","","①","和歌山市エリア"
"861.0","ヘアーサロンステージ","新宮市下田","１丁目８‐４８","","⑤","熊野エリア"
"862.0","社会福祉法人わかうら会　特別養護老人ホームわかうら園","和歌山市田野","１７５","","①","和歌山市エリア"
"863.0","若葉作業所","紀の川市粉河","４６","","①","和歌山市エリア"
"864.0","株式会社シンワテクノ","和歌山市弘西","１１２６","","①","和歌山市エリア"
"865.0","訪問看護ステーションささゆり","西牟婁郡上富田町市ノ瀬","９９６‐１","","④","白浜・串本エリア"
"866.0","有限会社スマイルハート","和歌山市大垣内","１０７‐１","","①","和歌山市エリア"
"867.0","有限会社和歌山こどものとも社","和歌山市永穂","２８３‐１","","①","和歌山市エリア"
"868.0","オレンジピットバイク販売・買取センター","岩出市西国分","６７５‐１","","①","和歌山市エリア"
"869.0","菅井建築構造設計事務所","和歌山市鳴神","９０８‐１６","","①","和歌山市エリア"
"870.0","ＧＲＡＮＤＥＵＲ－ａｎｇｅｌｉｃ","和歌山市","太田２丁目１－２","プレイザービル１階","①","和歌山市エリア"
"871.0","オワセ果物店","東牟婁郡　那智勝浦町大字築地","５丁目２‐１２","","⑤","熊野エリア"
"872.0","ＨＡＩＲ－ＡＮＧＥＬＩＣ","和歌山市","六十谷８４－１","","①","和歌山市エリア"
"873.0","カーペイントファイン","和歌山市明王寺","１３７‐２","","①","和歌山市エリア"
"874.0","木戸鈑金自動車","和歌山市湊","１８２０","","①","和歌山市エリア"
"875.0","（有）モーターハウスファミリー","和歌山市築港","６丁目５‐１３","","①","和歌山市エリア"
"876.0","和泉商会","和歌山市元博労町","３３","","①","和歌山市エリア"
"877.0","達人村","有田郡有田川町","大字下津野２１０４－１","","③","有田・湯浅・日高エリア"
"878.0","海来館","西牟婁郡白浜町","日置２０３９－７３","海来館","④","白浜・串本エリア"
"879.0","セントゼファー","和歌山市永山","１０７６－７","","①","和歌山市エリア"
"880.0","株式会社日本システム家具　本社","和歌山市広瀬　通丁","１丁目１８","","①","和歌山市エリア"
"881.0","民宿高砂","新宮市五新","３－４７","","⑤","熊野エリア"
"882.0","ヤマヨ家具ランド","和歌山市毛見","１４３７","","①","和歌山市エリア"
"883.0","ＢＯＮＡＰＰＥＴＩＴ","和歌山市","黒田２丁目２－４","リエス和歌山駅前１階Ｃ号","①","和歌山市エリア"
"884.0","一織庵デイサービス海南","海南市日方","１５１２－３","","①","和歌山市エリア"
"885.0","和歌浦歯科クリニック","和歌山市和歌浦東","２丁目９‐５１","","①","和歌山市エリア"
"886.0","（株）塩路家具アウトレットもっく田辺店","田辺市下万呂","５５４－４","","⑤","熊野エリア"
"887.0","有限会社多屋孫書店","田辺市南新町","１１９","多屋孫書店","⑤","熊野エリア"
"888.0","ひろとし","和歌山市北ノ新地東ノ丁","１６","上野ビル１階","①","和歌山市エリア"
"889.0","観音山フルーツガーデン","紀の川市下丹生谷","５５７","","①","和歌山市エリア"
"890.0","株式会社第一総業","田辺市稲成町","３３６－１","第一ビル２Ｆ","⑤","熊野エリア"
"891.0","森の恋人","紀の川市貴志川町長山","１８１５","","①","和歌山市エリア"
"892.0","タイヤ館海南","海南市船尾","２４９‐１３","","①","和歌山市エリア"
"893.0","株式会社山本総合補償コンサルタント","海南市鳥居","２１０‐６２","","①","和歌山市エリア"
"894.0","藤内メンタルクリニック","有田郡有田川町大字小島","３１３‐２","","③","有田・湯浅・日高エリア"
"895.0","カービューティープロ貴彩翔","田辺市新庄町","２４７４‐１０","","⑤","熊野エリア"
"896.0","特別養護老人ホーム友愛苑","伊都郡　九度山町大字河根","８０７‐６４","","②","高野山エリア"
"897.0","さかつじ内科","和歌山市十三番丁","６２","","①","和歌山市エリア"
"898.0","和歌山ＹＭＣＡ国際福祉専門学校","和歌山市太田１丁目","１２‐１３","","①","和歌山市エリア"
"899.0","木下彰土地家屋調査士事務所","和歌山市三番丁","７７","","①","和歌山市エリア"
"900.0","株式会社家具ノ谷沢","和歌山市鷺ノ森西ノ丁","２５番地","","①","和歌山市エリア"
"901.0","運転代行代打くん","田辺市高雄","１丁目１‐３３","","⑤","熊野エリア"
"902.0","ザ　グランリゾート和歌の浦","和歌山市","田野８７","","①","和歌山市エリア"
"903.0","マルタ水産","海南市下津町　塩津","５０５‐１","","①","和歌山市エリア"
"904.0","宮本クリニック","有田郡　有田川町大字徳田","９７‐６","","③","有田・湯浅・日高エリア"
"905.0","宮崎正商店","伊都郡高野町大字高野山","２３４","","②","高野山エリア"
"906.0","居宅介護支援事業所オリーブ","有田郡有田川町大字中野","６５","","③","有田・湯浅・日高エリア"
"907.0","株式会社タイヨウ","和歌山市北ノ新地東ノ丁","４","","①","和歌山市エリア"
"908.0","川坂商店","日高郡　みなべ町東岩代","８７１","","③","有田・湯浅・日高エリア"
"909.0","龍神観光株式会社","田辺市下屋敷町","１２","","⑤","熊野エリア"
"910.0","大協不動産","西牟婁郡白浜町","３７８１‐１２","","④","白浜・串本エリア"
"911.0","公園前中山歯科","和歌山市六番丁","４３","","①","和歌山市エリア"
"912.0","上中クリニック","和歌山市岩橋","１５３８‐１","","①","和歌山市エリア"
"913.0","株式会社アセック","日高郡由良町大字里","２８１‐１","","③","有田・湯浅・日高エリア"
"914.0","観光特産センターこかわ","紀の川市粉河","２０４６‐１","観光物産センター","①","和歌山市エリア"
"915.0","めはり本舗三軒茶屋","田辺市栄町","５７","","⑤","熊野エリア"
"916.0","ドック繊維株式会社　鮎川工場","田辺市鮎川","５１２‐１","","⑤","熊野エリア"
"917.0","児島　医院","有田郡湯浅町","大字湯浅６８６","","③","有田・湯浅・日高エリア"
"918.0","庄司商店","海草郡　紀美野町下佐々","８０３‐３","","①","和歌山市エリア"
"919.0","大野スポーツ","海南市鳥居","６‐１","","①","和歌山市エリア"
"920.0","うらがみ内科クリニック","和歌山市加納","２９７‐１","","①","和歌山市エリア"
"921.0","デイサービスつどいの家","海南市且来","６４６","","①","和歌山市エリア"
"922.0","上西塗料店","和歌山市朝日","７４‐４１","","①","和歌山市エリア"
"923.0","肉の卸問屋牛王","岩出市水栖","３１‐１","","①","和歌山市エリア"
"924.0","プロリストあさくら","和歌山市鷹匠町","１丁目２４","","①","和歌山市エリア"
"925.0","辻商店","橋本市高野口町名古曽","７３４","","②","高野山エリア"
"926.0","有限会社魚太郎","田辺市江川","４４‐１１","","⑤","熊野エリア"
"927.0","紀州酸素熔材店","新宮市熊野地","２丁目１３‐９","","⑤","熊野エリア"
"928.0","株式会社ワカノ","有田郡広川町大字広","３０９‐２","","③","有田・湯浅・日高エリア"
"929.0","明治屋金物店","田辺市北新町","１５","","⑤","熊野エリア"
"930.0","三谷医院","西牟婁郡　白浜町","１４００","","④","白浜・串本エリア"
"931.0","やかた","伊都郡高野町大字高野山","７３３","","②","高野山エリア"
"932.0","ダイチク精肉店","西牟婁郡　上富田町岩田","３１０３‐１３","","④","白浜・串本エリア"
"933.0","モリモト造園","日高郡みなべ町山内","１５９５‐１","","③","有田・湯浅・日高エリア"
"934.0","久保味噌本舗","和歌山市北町","１７","","①","和歌山市エリア"
"935.0","有限会社池喜商店","伊都郡かつらぎ町大字東渋田","３３６‐１","","②","高野山エリア"
"936.0","堀本金物店","田辺市本町","３７","","⑤","熊野エリア"
"937.0","アキツアソシエイツ","橋本市高野口町伏原","２５４","","②","高野山エリア"
"938.0","有限会社玉置造園","新宮市神倉","１丁目２‐１５","","⑤","熊野エリア"
"939.0","田元鉄工有限会社","西牟婁郡　白浜町栄","６０１‐３","","④","白浜・串本エリア"
"940.0","株式会社マルサ　本店","田辺市福路町","１６","","⑤","熊野エリア"
"941.0","小西米穀店","有田郡有田川町大字徳田","２４２‐６","","③","有田・湯浅・日高エリア"
"942.0","紀の川環境協同組合","伊都郡　かつらぎ町大字窪","４７０‐１","","②","高野山エリア"
"943.0","ナーセリーナカムラ","御坊市湯川町富安","２４２２","","③","有田・湯浅・日高エリア"
"944.0","きのかわふるさと村","紀の川市西大井","４１０‐５","","①","和歌山市エリア"
"945.0","山崎秋芳園","日高郡　みなべ町北道","２２２","","③","有田・湯浅・日高エリア"
"946.0","上霞石材店","田辺市稲成町","７３３‐８","","⑤","熊野エリア"
"947.0","山本石油","田辺市芳養町","４３","","⑤","熊野エリア"
"948.0","ミートショップニシイ","紀の川市名手市場","１４３３","","①","和歌山市エリア"
"949.0","丁字屋打田店","紀の川市上野","４１‐２","","①","和歌山市エリア"
"950.0","Ｇ―ＴＥＣ","田辺市朝日ヶ丘","１‐１１","","⑤","熊野エリア"
"951.0","みつば","和歌山市黒田","２丁目２‐３５","","①","和歌山市エリア"
"952.0","上野山学園認定こども園認定こども園","田辺市古尾","１７‐１","","⑤","熊野エリア"
"953.0","株式会社川合農機具店","御坊市島","７４３‐３","","③","有田・湯浅・日高エリア"
"954.0","多屋安ガラス店","田辺市本町","３５","","⑤","熊野エリア"
"955.0","川口登記測量事務所","紀の川市打田","５３７","","①","和歌山市エリア"
"956.0","コーポＦワン","新宮市五新","３‐６","","⑤","熊野エリア"
"957.0","かみや荘","日高郡　由良町大字神谷","８２","","③","有田・湯浅・日高エリア"
"958.0","笠松農機店","西牟婁郡　上富田町生馬","１４９７‐６","","④","白浜・串本エリア"
"959.0","スミヤ・紀州備長炭倶楽部","日高郡　みなべ町熊岡","４４２‐１","","③","有田・湯浅・日高エリア"
"960.0","民宿うら","西牟婁郡白浜町","３３００－１４","","④","白浜・串本エリア"
"961.0","もりとよ商店","東牟婁郡古座川町高池","８３‐１","","⑤","熊野エリア"
"962.0","中野モータース","御坊市薗","１１６","","③","有田・湯浅・日高エリア"
"963.0","株式会社木地由クリエート","海南市船尾","７０４‐７７","","①","和歌山市エリア"
"964.0","有限会社野村酒店","田辺市磯間","２４‐３５","","⑤","熊野エリア"
"965.0","有限会社松尾海運","海南市下津町大崎","４‐２","","①","和歌山市エリア"
"966.0","諏訪園","和歌山市新堺丁","４０","","①","和歌山市エリア"
"967.0","前田電気商会","西牟婁郡　上富田町岩田","２５５６","","④","白浜・串本エリア"
"968.0","橋本荘","日高郡日高町大字産湯","７３６‐１","","③","有田・湯浅・日高エリア"
"969.0","ランドマーク湯浅","有田郡有田川町大字熊井","４４２‐８","","③","有田・湯浅・日高エリア"
"970.0","有限会社岡鼻保険事務所","東牟婁郡那智勝浦町大字宇久井","２８６","","⑤","熊野エリア"
"971.0","新成建材店","和歌山市湊御殿","３丁目５‐２","","①","和歌山市エリア"
"972.0","中治","紀の川市貴志川町　国主","６７－１","","①","和歌山市エリア"
"973.0","カゴタ花店","御坊市薗","２６９‐２","","③","有田・湯浅・日高エリア"
"974.0","森田白蟻研究所","有田郡有田川町大字上中島","５１０","","③","有田・湯浅・日高エリア"
"975.0","ＢＡＲ　ＤＩＶＥ","西牟婁郡白浜町","１３８４‐６２","","④","白浜・串本エリア"
"976.0","ほっかほっか亭　和歌山駅東口店","和歌山市太田","２丁目１４‐９","","①","和歌山市エリア"
"977.0","ほっかほっか亭　こうざき店","和歌山市神前","１５８‐２","コーポひかり１階","①","和歌山市エリア"
"978.0","らぐまんラーメン","伊都郡かつらぎ町大字大谷","１１６９－６","","②","高野山エリア"
"979.0","ミスタータイヤマンＭ―Ｔｅｃｈ","紀の川市貴志川町北山","５１６‐３","","①","和歌山市エリア"
"980.0","場谷彫刻所","西牟婁郡　白浜町安宅","４６１‐４３","","④","白浜・串本エリア"
"981.0","和歌山県暮らしを守る会事務局","橋本市高野口町　小田","９１‐４","","②","高野山エリア"
"982.0","大浦生花店","有田市宮原町新町","３４","","③","有田・湯浅・日高エリア"
"983.0","岸浦製綿","和歌山市内原","１３６７","","①","和歌山市エリア"
"984.0","株式会社白浜衛生","西牟婁郡　白浜町","２９２７－３６５","","④","白浜・串本エリア"
"985.0","紀伊白浜温泉土地株式会社","西牟婁郡白浜町","２７６２‐２","","④","白浜・串本エリア"
"986.0","セリエフラワーショップ","田辺市湊","７０３","","⑤","熊野エリア"
"987.0","Ｂｅｌｌｎａｒｌ","和歌山市","吹屋町５丁目４４－１","ベルナール３階","①","和歌山市エリア"
"988.0","ボンバーガール","伊都郡かつらぎ町大字寺尾","５８－５８","","②","高野山エリア"
"989.0","ビリヤードニュー東和","和歌山市中之島","２２５５","","①","和歌山市エリア"
"990.0","デイサービスセンターむろの家","西牟婁郡上富田町南紀の台","５９‐４９","","④","白浜・串本エリア"
"991.0","有限会社中川工作所","紀の川市西大井","１０９‐１","","①","和歌山市エリア"
"992.0","祐星","和歌山市田中町","２丁目２１","","①","和歌山市エリア"
"993.0","さくらきもの学院","岩出市清水","４８５‐１","","①","和歌山市エリア"
"994.0","Ｆｏｒｔｙ―Ｆｉｖｅ―Ｓｅｌｅｃｔ","紀の川市打田","３２１‐２","","①","和歌山市エリア"
"995.0","三宅商会","和歌山市新中島","７７‐１","","①","和歌山市エリア"
"996.0","津守歯科クリニック","和歌山市土入","２１‐２１","","①","和歌山市エリア"
"997.0","三谷建築設計事務所","田辺市あけぼの","５２‐２２","","⑤","熊野エリア"
"998.0","有限会社アートワーク","和歌山市小松原","５丁目１‐４１","","①","和歌山市エリア"
"999.0","アオイ整染工業株式会社","橋本市高野口町伏原","１６０","","②","高野山エリア"
"1000.0","蔵カフェ","有田郡湯浅町","湯浅１４６４","","③","有田・湯浅・日高エリア"
"1001.0","西川内科クリニック","和歌山市黒田","１－２－４","","①","和歌山市エリア"
"1002.0","居酒屋亜細亜","岩出市森","１０１","","①","和歌山市エリア"
"1003.0","小山商事","西牟婁郡上富田町朝来","４０７５","","④","白浜・串本エリア"
"1004.0","藍の里あさもと工房","西牟婁郡　白浜町日置","２８８‐１","","④","白浜・串本エリア"
"1005.0","株式会社有石　貴志川店","紀の川市貴志川町前田","５５９","","①","和歌山市エリア"
"1006.0","グリーンショップ　エルマナ","岩出市湯窪","８‐１","","①","和歌山市エリア"
"1007.0","きのくに薬局","和歌山市藤田","１５‐１","","①","和歌山市エリア"
"1008.0","ＣＡＳＡ","和歌山市中之島","１４７５","","①","和歌山市エリア"
"1009.0","タキガワメガネ","和歌山市元博労町","３６","","①","和歌山市エリア"
"1010.0","赤帽小川運送店","和歌山市和歌川町","５‐１２","","①","和歌山市エリア"
"1011.0","前田商店","和歌山市冬野","１２２４‐１１","","①","和歌山市エリア"
"1012.0","ほけんプラス株式会社","和歌山市北ノ新地　東ノ丁","４","","①","和歌山市エリア"
"1013.0","株式会社プロテックス","和歌山市北出島","１丁目２‐１４","","①","和歌山市エリア"
"1014.0","倉庫ミュージアムＷＡＷＡＷＡ","御坊市","島３２６－２","","③","有田・湯浅・日高エリア"
"1015.0","有限会社ニッソー","和歌山市中島","１２‐２","","①","和歌山市エリア"
"1016.0","高橋会計事務所","岩出市中黒","２７６－３","","①","和歌山市エリア"
"1017.0","マリク","西牟婁郡白浜町","２９９８‐１３８","","④","白浜・串本エリア"
"1018.0","Ｐａｓｔｅｌ・Ｂｅｅ","田辺市南新町","７２‐３","","⑤","熊野エリア"
"1019.0","辛バール","和歌山市畑屋敷袋町","５","マチスビル１階","①","和歌山市エリア"
"1020.0","株式会社山本スクラップ","御坊市島","５８４","","③","有田・湯浅・日高エリア"
"1021.0","ＷＡＮ・Ｆａｃｅ","和歌山市東長町","２丁目５０","","①","和歌山市エリア"
"1022.0","有限会社ウエムラ","紀の川市打田","１１３４‐５","","①","和歌山市エリア"
"1023.0","ｓｏｒｒｉｓｏ","田辺市稲成町","３２４１‐１","","⑤","熊野エリア"
"1024.0","うまし楽し食道宴屋ずかずか","御坊市湯川町財部","２２０‐３","","③","有田・湯浅・日高エリア"
"1025.0","サンマ本舗芝","和歌山市延時","１４７‐２４","","①","和歌山市エリア"
"1026.0","アウル整骨院","和歌山市市小路","１５３‐１","","①","和歌山市エリア"
"1027.0","アクアユイ（ａｑｕａｙｕｙ）","和歌山市太田","５７９","","①","和歌山市エリア"
"1028.0","ピッツェリアコマ","新宮市徐福","２丁目２‐５","","⑤","熊野エリア"
"1029.0","ＴＯＧＥｈａｉｒ","和歌山市東長町","６丁目６","","①","和歌山市エリア"
"1030.0","愛和タイヤ","田辺市","鮎川８６２","","⑤","熊野エリア"
"1031.0","田辺ダイハツ販売株式会社カーリンク口熊野店","西牟婁郡上富田町岩崎","４９８‐１","","④","白浜・串本エリア"
"1032.0","岡崎鉄工所","田辺市上の山","２丁目２６‐９","","⑤","熊野エリア"
"1033.0","すずきリカー＆フーズ","日高郡由良町大字阿戸","７１３","","③","有田・湯浅・日高エリア"
"1034.0","かきはら胃腸科内科","岩出市今中","１０５‐２","","①","和歌山市エリア"
"1035.0","株式会社オーシャン・ライフ","御坊市島","４４１‐２","","③","有田・湯浅・日高エリア"
"1036.0","三友防災株式会社","和歌山市広道","３５","","①","和歌山市エリア"
"1037.0","ｉ工房和歌山橋本店","橋本市東家","１丁目２‐２４","出口マンション１－Ｄ","②","高野山エリア"
"1038.0","串本マリンセンター","東牟婁郡　串本町串本","６６２‐２","","④","白浜・串本エリア"
"1039.0","訪問介護事業所ぴぃーぷる","和歌山市島崎町","３丁目２６","スリールドゥソレイユ２０１","①","和歌山市エリア"
"1040.0","司法書士高橋事務所","和歌山市六十谷","７４９","","①","和歌山市エリア"
"1041.0","読売新聞ＹＣ藤並・金屋口","有田郡有田川町大字天満","２－３","","③","有田・湯浅・日高エリア"
"1042.0","株式会社エイジャックスジャパン","和歌山市朝日","８９１‐１","","①","和歌山市エリア"
"1043.0","浦本産業","和歌山市松江北","６丁目９‐５","","①","和歌山市エリア"
"1044.0","光洋社","新宮市下本町","２丁目４‐９","","⑤","熊野エリア"
"1045.0","しんどうなおこクリニック","和歌山市秋月","２７５‐１","","①","和歌山市エリア"
"1046.0","マリンステージ串本店","東牟婁郡串本町串本","１４１８‐２０","","④","白浜・串本エリア"
"1047.0","那賀広域森林組合","紀の川市打田","１３９８","","①","和歌山市エリア"
"1048.0","こうざき西歯科クリニック","和歌山市神前","１０５‐１","","①","和歌山市エリア"
"1049.0","ＷｉｔｈＯｎｅ","海南市名高","５３４‐５","","①","和歌山市エリア"
"1050.0","カラテッロ","和歌山市九番丁","１０","","①","和歌山市エリア"
"1051.0","和歌山第１アイビー化粧品販売株式会社","和歌山市堀止西","２丁目９‐２７","","①","和歌山市エリア"
"1052.0","有限会社嶋田精工","和歌山市湊御殿","１丁目６‐７","","①","和歌山市エリア"
"1053.0","わだ歯科クリニック","和歌山市中島","５７６‐１","わだ歯科クリニック","①","和歌山市エリア"
"1054.0","湖月堂　本店","御坊市薗","２４７","","③","有田・湯浅・日高エリア"
"1055.0","総本家めはりや新宮本店","新宮市緑ケ丘","１丁目１‐３９","","⑤","熊野エリア"
"1056.0","ＩＮＮＯＣＥＮＣＥ","西牟婁郡白浜町堅田","２４９７‐２２","","④","白浜・串本エリア"
"1057.0","ハッピーキャット","和歌山市本町","２－４５","","①","和歌山市エリア"
"1058.0","カフェ　チャープ","岩出市","森１０８－１４","","①","和歌山市エリア"
"1059.0","ＤＡＮ１２ｂａｎ－ｃｈｏ","和歌山市十二番丁","９","リヴァージュ十二番丁１階","①","和歌山市エリア"
"1060.0","栖原温泉","有田郡湯浅町大字栖原","１３６３","","③","有田・湯浅・日高エリア"
"1061.0","お食事処ふみ","紀の川市東野","６４","","①","和歌山市エリア"
"1062.0","ＥＮＥＯＳ地蔵の辻ＳＳ","和歌山市中之島","５１７","","①","和歌山市エリア"
"1063.0","ＨＥＲＯＮ","和歌山市屏風丁","１３","吉田ビル地下１Ｆ","①","和歌山市エリア"
"1064.0","創新株式会社","紀の川市名手市場","１５５２‐２","","①","和歌山市エリア"
"1065.0","セルフサンフィールド橋本","橋本市隅田町垂井","６８‐１","","②","高野山エリア"
"1066.0","株式会社有石　神前店","和歌山市神前","１７１‐３","","①","和歌山市エリア"
"1067.0","株式会社有石　海南東店","海南市幡川","１９７‐１","","①","和歌山市エリア"
"1068.0","谷沢商店","和歌山市友田町","５丁目１８","和歌山ターミナルビル地下１階","①","和歌山市エリア"
"1069.0","すたじおーね","紀の川市貴志川町丸栖","９２６‐１","","①","和歌山市エリア"
"1070.0","有限会社佐藤石油","御坊市湯川町小松原","５５４‐１","","③","有田・湯浅・日高エリア"
"1071.0","ドッグサロンプルー","田辺市高雄","３丁目３７‐９","","⑤","熊野エリア"
"1072.0","社会福祉法人和福祉会","伊都郡　かつらぎ町大字妙寺","９５‐３","","②","高野山エリア"
"1073.0","まるまる","御坊市湯川町財部","６４５‐１","森本アパート１Ｆ","③","有田・湯浅・日高エリア"
"1074.0","溝端石油店","有田郡有田川町大字金屋","２２‐１","","③","有田・湯浅・日高エリア"
"1075.0","お弁当さいじ有田バイパス店","有田市古江見","４９‐４","","③","有田・湯浅・日高エリア"
"1076.0","フルゴスペル吹上教会","和歌山市芝ノ丁","５","光陽マンション３Ｆ","①","和歌山市エリア"
"1077.0","クリーニングみんと","和歌山市毛見","１４３７‐２４０","","①","和歌山市エリア"
"1078.0","鳥好吉本","和歌山市新中島","１３４－３","","①","和歌山市エリア"
"1079.0","さだこの浅漬工房","和歌山市屋形町","３丁目４５","","①","和歌山市エリア"
"1080.0","株式会社高砂アラレ","岩出市岡田","９９９‐１","","①","和歌山市エリア"
"1081.0","杉本哲也土地家屋調査士事務所","和歌山市関戸","４丁目２‐５０","","①","和歌山市エリア"
"1082.0","おそうじ商会","和歌山市手平","５丁目８‐４","","①","和歌山市エリア"
"1083.0","サンマリン・スキューバ・ダイビングサービス","日高郡みなべ町埴田","１４２１‐２０","","③","有田・湯浅・日高エリア"
"1084.0","たかやま商店","新宮市阿須賀","２丁目４－１","","⑤","熊野エリア"
"1085.0","新錦ホテル","西牟婁郡白浜町","１３５６－１３","","④","白浜・串本エリア"
"1086.0","南紀白浜焼肉萬","西牟婁郡白浜町","１４１６－１","","④","白浜・串本エリア"
"1087.0","猫・夢空間気ままなみーこ","和歌山市湊","１丁目４‐２６","","①","和歌山市エリア"
"1088.0","民宿さきのや","西牟婁郡白浜町","２９９８－７４","","④","白浜・串本エリア"
"1089.0","グラタンカフェ","伊都郡九度山町大字九度山","１３１４","","②","高野山エリア"
"1090.0","オクムラ理容","海南市黒江","６８８","","①","和歌山市エリア"
"1091.0","畠中整骨院","和歌山市和歌浦","西１－４－１２","","①","和歌山市エリア"
"1092.0","太平不動産","西牟婁郡白浜町","１２７９‐７","","④","白浜・串本エリア"
"1093.0","有料老人ホームしおさいの家","海南市下津町方","２０８８－３２","","①","和歌山市エリア"
"1094.0","有料老人ホームこころ","海南市下津町丸田","２３２－４","","①","和歌山市エリア"
"1095.0","助田自動車","和歌山市山東中","７７","","①","和歌山市エリア"
"1096.0","榎本鈑金","日高郡美浜町大字和田","１００６","","③","有田・湯浅・日高エリア"
"1097.0","ぶらくれきっちん","和歌山市米屋町","２９","","①","和歌山市エリア"
"1098.0","海芋","和歌山市吉田","１０２","国労和歌山会館１階","①","和歌山市エリア"
"1099.0","塚田縫製","紀の川市深田","３９７","","①","和歌山市エリア"
"1100.0","株式会社北山工務店","和歌山市東長町","６丁目２０","","①","和歌山市エリア"
"1101.0","株式会社熊姫総業","和歌山市善明寺","３６３‐３","","①","和歌山市エリア"
"1102.0","ＴＯモーターズ","橋本市高野口町","３２２‐２","","②","高野山エリア"
"1103.0","アカギ電器","新宮市神倉","２丁目７‐２４","","⑤","熊野エリア"
"1104.0","レミー愛犬美容室","紀の川市久留壁","６０‐２","","①","和歌山市エリア"
"1105.0","ＣＲＯＷ","和歌山市内原","６０１‐１","出口倉庫Ａ","①","和歌山市エリア"
"1106.0","貴和電器商会","和歌山市手平","３丁目５‐１５","","①","和歌山市エリア"
"1107.0","修学舎","海南市鳥居","２０７","","①","和歌山市エリア"
"1108.0","ごぼうめがね","御坊市薗","２７１","","③","有田・湯浅・日高エリア"
"1109.0","こうたろう鍼灸整骨院","橋本市高野口町名倉","９７９","","②","高野山エリア"
"1110.0","株式会社西村組","和歌山市本町","９丁目１０","","①","和歌山市エリア"
"1111.0","なごみ薬局","東牟婁郡那智勝浦町大字朝日","１丁目６１","","⑤","熊野エリア"
"1112.0","オークワ　オーストリート　紀の川井阪店","紀の川市下井阪","597","","①","和歌山市エリア"
"1113.0","新宮駅前広場","新宮市徐福","2-1","","⑤","熊野エリア"
"1114.0","とがの木茶屋","田辺市中辺路町野中","393.0","","⑤","熊野エリア"
"1115.0","おりの美容室","和歌山市和歌浦南","２丁目７‐１４","","①","和歌山市エリア"
"1116.0","神出興業","海南市日方","８７４－１","","①","和歌山市エリア"
"1117.0","萩原メリヤス株式会社","和歌山市西","６８８","","①","和歌山市エリア"
"1118.0","クボデンキ","新宮市蓬莱３丁目","１１‐９","","⑤","熊野エリア"
"1119.0","ほんだ鍼灸整骨院","岩出市相谷","４‐１","","①","和歌山市エリア"
"1120.0","はまゆう作業所","田辺市上屋敷","２丁目１８‐６","","⑤","熊野エリア"
"1121.0","シューズランドアリタ","有田市宮崎町","８８","","③","有田・湯浅・日高エリア"
"1122.0","あさだ商会","田辺市秋津町","８６４‐９","","⑤","熊野エリア"
"1123.0","ケアセンターらん","有田郡有田川町大字水尻","１１８４‐２","","③","有田・湯浅・日高エリア"
"1124.0","新宮市役所","新宮市春日","１－１","新宮市役所","⑤","熊野エリア"
"1125.0","株式会社谷口鉄筋","和歌山市延時","１３６‐１","","①","和歌山市エリア"
"1126.0","アルファ田辺","田辺市高雄１丁目","２３‐１","","⑤","熊野エリア"
"1127.0","ＡＮＮＩＥ","有田郡有田川町大字水尻","１９０","","③","有田・湯浅・日高エリア"
"1128.0","有限会社鎌谷農園","田辺市上芳養","２１９","","⑤","熊野エリア"
"1129.0","でんきの店たなか","有田郡　有田川町大字徳田","１０３‐４","","③","有田・湯浅・日高エリア"
"1130.0","中野電器","和歌山市新堺丁","２５","","①","和歌山市エリア"
"1131.0","竹田電器店","有田郡有田川町大字清水","９４５‐６","","③","有田・湯浅・日高エリア"
"1132.0","山本達建築事務所","御坊市藤田町　吉田","１１２７","","③","有田・湯浅・日高エリア"
"1133.0","有限会社たか電設和歌山事務所","和歌山市湊","４丁目５‐７","","①","和歌山市エリア"
"1134.0","社会福祉法人きのくに福祉会ごぼうの郷","御坊市熊野","４４‐４","","③","有田・湯浅・日高エリア"
"1135.0","うさぎ専門店キャロットハウス","有田市宮崎町","２１８－３","","③","有田・湯浅・日高エリア"
"1136.0","Ｃｈｅｚみなみ","海草郡紀美野町三尾川","７５９－３","","①","和歌山市エリア"
"1137.0","株式会社クマイ不動産","和歌山市三木町中ノ丁","１９","","①","和歌山市エリア"
"1138.0","つくる","東牟婁郡串本町古田","２７５－１","","④","白浜・串本エリア"
"1139.0","賃貸住宅センター","和歌山市美園町","５丁目２‐５","アイワビル１Ｆ","①","和歌山市エリア"
"1140.0","有限会社ヤマモト薬局","海南市名高","５３７‐９","","①","和歌山市エリア"
"1141.0","オートバイＪＡＰＡＮ","和歌山市杉ノ馬場","２丁目６５","","①","和歌山市エリア"
"1142.0","ヴィサージュ","和歌山市新八百屋丁","１３","","①","和歌山市エリア"
"1143.0","きたの自動車","御坊市薗","４５３‐１","","③","有田・湯浅・日高エリア"
"1144.0","フォルテワジマ","和歌山市本町２丁目","１","フォルテワジマ","①","和歌山市エリア"
"1145.0","濱口梧陵記念館","有田郡広川町広","６７１","濱口梧陵記念館","③","有田・湯浅・日高エリア"
"1146.0","大松漁具店","田辺市上の山","２丁目７‐２８","","⑤","熊野エリア"
"1147.0","谷口渡船","西牟婁郡すさみ町口和深","３８５","","④","白浜・串本エリア"
"1148.0","奥口電工","新宮市三輪崎","１２３５‐６","","⑤","熊野エリア"
"1149.0","栗栖建具工場","田辺市神子浜","２丁目１３‐２","","⑤","熊野エリア"
"1150.0","有限会社ファースト厨販","新宮市谷王子町","３‐７","","⑤","熊野エリア"
"1151.0","漬物処かわさき","和歌山市三木町南ノ丁","３２‐２","","①","和歌山市エリア"
"1152.0","大岡鉄工株式会社","和歌山市西浜","１６６０‐２０３","","①","和歌山市エリア"
"1153.0","株式会社いわさき","和歌山市今福","１丁目４‐２７","","①","和歌山市エリア"
"1154.0","株式会社アスペクト","岩出市北大池","１１８","グリーンヒル北大池管理人室","①","和歌山市エリア"
"1155.0","スタジオ・ズーム","和歌山市東仲間町","２丁目２０","シティハイツ北新１０２号","①","和歌山市エリア"
"1156.0","有限会社舛井商店","日高郡みなべ町北道","２７７","","③","有田・湯浅・日高エリア"
"1157.0","紀南パンジー株式会社","西牟婁郡上富田町朝来","５３３","","⑤","熊野エリア"
"1158.0","株式会社ＫＯＳＡＫＡ","東牟婁郡那智勝浦町大字宇久井","１２３４‐１８","","⑤","熊野エリア"
"1159.0","西野農機店","伊都郡かつらぎ町大字大薮","１７６‐１","","②","高野山エリア"
"1160.0","岩橋歯科医院","和歌山市橋向丁","３９","","①","和歌山市エリア"
"1161.0","福助産所","田辺市明洋","２丁目１０‐３６","","⑤","熊野エリア"
"1162.0","ＲＥＮＧＡＹＡ美容室　シンジインターナショナル本店","和歌山市太田","１丁目１０‐８","レンガヤ２階","①","和歌山市エリア"
"1163.0","ハタグチ商店","田辺市芳養松原","２丁目３０‐１５","","⑤","熊野エリア"
"1164.0","井本住宅設備","橋本市高野口町嵯峨谷","４３６","","②","高野山エリア"
"1165.0","生駒労務経営事務所","和歌山市手平","１丁目２‐２２","","①","和歌山市エリア"
"1166.0","ササユリ工房印刷出版","西牟婁郡白浜町堅田","２５００‐４１２","","④","白浜・串本エリア"
"1167.0","ヘアーサロンヒロ","日高郡日高町大字志賀","１７７３‐６","","③","有田・湯浅・日高エリア"
"1168.0","岩出書店","岩出市水栖","１４４‐１","","①","和歌山市エリア"
"1169.0","株式会社桑原和歌山工場","海南市下津町中","１８‐１","","①","和歌山市エリア"
"1170.0","有限会社豊田倉庫","和歌山市西浜","８４８","","①","和歌山市エリア"
"1171.0","株式会社アミゼンプロパンガス","和歌山市和歌浦","中２丁目１１‐４","","①","和歌山市エリア"
"1172.0","読売新聞　新宮西ＹＣ","新宮市佐野","１丁目１１‐８","","⑤","熊野エリア"
"1173.0","株式会社よしの葬祭","海南市日方","４９‐１","","①","和歌山市エリア"
"1174.0","バブルリングダイバーズ","東牟婁郡　串本町串本","６１７‐３６","","④","白浜・串本エリア"
"1175.0","更生保護サポートセンター那賀","紀の川市貴志川町上野山","２５６","","①","和歌山市エリア"
"1176.0","株式会社石橋","海南市下津町丁","１４１‐１","","①","和歌山市エリア"
"1177.0","湯川米穀店","西牟婁郡白浜町","１９４３","","④","白浜・串本エリア"
"1178.0","橋本病院","和歌山市堀止南ノ丁","４－３１","橋本病院自動販売機","①","和歌山市エリア"
"1179.0","ＹＡＫＩＴＯＲＩ＆ＢＡＲｒｉｓｅ","和歌山市雑賀町","６３","","①","和歌山市エリア"
"1180.0","保険サービスナカタニ","海草郡紀美野町真国宮","９９","","①","和歌山市エリア"
"1181.0","ララ・ロカレ","田辺市上屋敷","２丁目６‐７","","⑤","熊野エリア"
"1182.0","ダイニングＵＯ","和歌山市北新","４丁目１１","","①","和歌山市エリア"
"1183.0","遊佐水道工業株式会社","橋本市東家","４丁目１５‐１","","②","高野山エリア"
"1184.0","有限会社ナカムラパーツ","和歌山市小雑賀","７８３‐４","","①","和歌山市エリア"
"1185.0","有限会社前田運送","和歌山市平井","１２６‐４","","①","和歌山市エリア"
"1186.0","株式会社グローバル総合保険","和歌山市新留丁","１４５","ＩＴハイツ２１１階","①","和歌山市エリア"
"1187.0","カラオケステージらいふ","和歌山市中之島","１９１８","","①","和歌山市エリア"
"1188.0","株式会社Ｍハウジング","橋本市小原田","６８","","②","高野山エリア"
"1189.0","木下吉商事株式会社","海南市名高","３０３","","①","和歌山市エリア"
"1190.0","エル・アート柳原電化","御坊市薗","２４７","","③","有田・湯浅・日高エリア"
"1191.0","温野菜和歌山ぶらくり丁店","和歌山市元寺町","１－５７","","①","和歌山市エリア"
"1192.0","丸宮中華そば","和歌山市湊","１８２８－７","","①","和歌山市エリア"
"1193.0","有限会社紀州梅苑","日高郡みなべ町南道","２７４","","③","有田・湯浅・日高エリア"
"1194.0","株式会社いわさき","和歌山市小雑賀","２丁目５－１１５","","①","和歌山市エリア"
"1195.0","コープ中之島店","和歌山市中之島","３０１","","①","和歌山市エリア"
"1196.0","株式会社　リアンジュ","海南市日方","１２７１‐９　","クレンツ海南１階５号","①","和歌山市エリア"
"1197.0","味処丸政","田辺市中万呂","４３","","⑤","熊野エリア"
"1198.0","ワールドスタイル・エクステリア＆ガーデン","和歌山市小雑賀","５６７－１","中島マンション１０１号","①","和歌山市エリア"
"1199.0","平松接骨院","岩出市西国分","５４２－１６","","①","和歌山市エリア"
"1200.0","株式会社エンデバー","田辺市下三栖","１４８３－１１","","⑤","熊野エリア"
"1201.0","パールバレエスクール","岩出市清水","３６４－４","","①","和歌山市エリア"
"1202.0","若林廣文堂","和歌山市雑賀屋町東ノ丁","６４","","①","和歌山市エリア"
"1203.0","株式会社センダイ工部コンサルタント","和歌山市永穂","２４４－４","","①","和歌山市エリア"
"1204.0","花店コジマ","有田郡　有田川町大字水尻","６８４","スイートビル１階右","③","有田・湯浅・日高エリア"
"1205.0","有限会社有田バッテリー","有田市初島町里","９５７－１","","③","有田・湯浅・日高エリア"
"1206.0","晟真興産","和歌山市北野","６４３","","①","和歌山市エリア"
"1207.0","椿丸福蒲鉾店","御坊市薗","４０２","","③","有田・湯浅・日高エリア"
"1208.0","有限会社山本建材店","新宮市三輪崎","３０１０－１","","⑤","熊野エリア"
"1209.0","株式会社大畑鉄工所","日高郡日高町大字志賀　","３３３５","","③","有田・湯浅・日高エリア"
"1210.0","株式会社紀芳園","田辺市中芳養","１０９４－１","","⑤","熊野エリア"
"1211.0","西村自動車","和歌山市小倉","３７３－１","","①","和歌山市エリア"
"1212.0","メカニックキャラバン","日高郡みなべ町芝　","６４７","","③","有田・湯浅・日高エリア"
"1213.0","有限会社キマゴ","海南市下津町下津","１４１９","","①","和歌山市エリア"
"1214.0","寿パック","和歌山市島","２６－１４","プラザ川永内１階","①","和歌山市エリア"
"1215.0","ブックマーケット田辺店","田辺市新庄町","４３７－２４","","⑤","熊野エリア"
"1216.0","高井保険","東牟婁郡串本町串本","１８６５‐８","日新ビル２Ｆ","④","白浜・串本エリア"
"1217.0","株式会社メディカルムーン","和歌山市十番丁","６１","和電工株式会社内","①","和歌山市エリア"
"1218.0","中央建設株式会社","新宮市佐野２丁目","９３７－２","","⑤","熊野エリア"
"1219.0","ＴＡＰ　　","田辺市明洋１丁目","２１－３７","","⑤","熊野エリア"
"1220.0","社会福祉法人やおき福祉会","日高郡みなべ町気佐藤","１７３－１６","","③","有田・湯浅・日高エリア"
